,체결시간,시가,고가,저가,현재가,거래량,20이평,60이평,120이평,RSI14
0,20240223145946,22800,22800,22800,22800,426,22747.5,22857.5,22996.25,50.47132850104527
1,20240223145900,22850,22850,22800,22800,1293,22747.5,22860.833333333332,22999.166666666668,50.47132850104527
2,20240223145741,22850,22850,22800,22800,1404,22755.0,22864.166666666668,23002.083333333332,50.47132850104527
3,20240223145625,22800,22850,22750,22850,1633,22760.0,22866.666666666668,23006.25,55.85956229775241
4,20240223145434,22750,22850,22750,22750,426,22762.5,22870.0,23009.583333333332,44.94382600200553
5,20240223145320,22750,22800,22750,22750,825,22770.0,22874.166666666668,23014.166666666668,44.94382600200553
6,20240223145220,22800,22850,22750,22750,1023,22780.0,22877.5,23018.333333333332,44.94382600200553
7,20240223145123,22850,22850,22750,22800,1516,22790.0,22880.833333333332,23022.916666666668,49.88212397820981
8,20240223145003,22650,22800,22650,22800,1740,22797.5,22884.166666666668,23027.5,49.88212397820981
9,20240223144903,22700,22750,22650,22650,1301,22805.0,22887.5,23031.666666666668,29.98116402954338
10,20240223144759,22700,22750,22700,22700,1410,22822.5,22893.333333333332,23036.666666666668,34.1824100021239
11,20240223144636,22700,22750,22650,22700,848,22830.0,22898.333333333332,23042.5,34.1824100021239
12,20240223144523,22700,22750,22650,22700,618,22840.0,22904.166666666668,23048.75,34.182410002123916
13,20240223144408,22700,22750,22650,22700,1682,22850.0,22910.833333333332,23054.166666666668,34.182410002123916
14,20240223144239,22650,22750,22650,22650,1930,22860.0,22917.5,23060.0,26.527979811856113
15,20240223144145,22750,22850,22650,22650,9024,22872.5,22925.833333333332,23066.25,26.527979811856113
16,20240223144008,22750,22800,22750,22750,1810,22887.5,22934.166666666668,23072.916666666668,33.182957625897345
17,20240223143848,22800,22850,22750,22750,1358,22897.5,22940.833333333332,23078.333333333332,33.182957625897345
18,20240223143808,22800,22850,22800,22800,1244,22907.5,22949.166666666668,23084.583333333332,37.20705381918997
19,20240223143640,22800,22900,22800,22800,1876,22917.5,22955.833333333332,23090.416666666668,37.207053819189966
20,20240223143432,22900,22900,22800,22800,2099,22927.5,22963.333333333332,23096.666666666668,37.207053819189966
21,20240223143356,22900,22950,22900,22950,981,22937.5,22971.666666666668,23102.5,52.49943403562218
22,20240223143329,22950,23000,22900,22900,1477,22935.0,22976.666666666668,23106.666666666668,45.575766818574685
23,20240223143217,22950,23000,22900,22900,2890,22935.0,22982.5,23111.666666666668,45.575766818574685
24,20240223143034,22950,23000,22900,22900,495,22935.0,22986.666666666668,23117.083333333332,45.575766818574685
25,20240223142952,22950,23000,22900,22950,631,22935.0,22990.833333333332,23122.083333333332,51.59735091578015
26,20240223142835,23000,23050,22900,22950,2103,22935.0,22995.0,23126.666666666668,51.59735091578015
27,20240223142701,22950,23000,22900,22950,351,22930.0,22998.333333333332,23131.666666666668,51.59735091578015
28,20240223142639,23000,23000,22900,22950,1050,22922.5,23000.833333333332,23137.916666666668,51.59735091578015
29,20240223142524,22900,23050,22850,23000,2023,22920.0,23004.166666666668,23144.166666666668,57.21777381762605
30,20240223142359,22950,23000,22850,22850,2253,22912.5,23007.5,23150.833333333332,38.580373579728096
31,20240223142254,22900,22950,22900,22900,1162,22910.0,23013.333333333332,23158.75,44.593295792340825
32,20240223142153,22900,23000,22900,22900,1467,22907.5,23017.5,23166.25,44.593295792340825
33,20240223142037,22900,22950,22900,22900,723,22905.0,23021.666666666668,23173.75,44.593295792340825
34,20240223141952,22950,23000,22900,22900,616,22902.5,23025.833333333332,23181.666666666668,44.593295792340825
35,20240223141831,22950,23050,22900,22950,324,22902.5,23030.0,23190.0,50.437630787921115
36,20240223141732,22950,23050,22900,22950,1878,22902.5,23034.166666666668,23197.5,50.437630787921115
37,20240223141642,23000,23050,22950,22950,874,22902.5,23038.333333333332,23205.416666666668,50.437630787921115
38,20240223141540,23000,23050,22950,23000,696,22902.5,23042.5,23213.333333333332,56.35066703827111
39,20240223141416,23000,23050,22950,23000,336,22900.0,23045.833333333332,23220.416666666668,56.350667038271105
40,20240223141334,22900,23000,22900,23000,625,22897.5,23049.166666666668,23227.083333333332,56.350667038271105
41,20240223141233,22900,23000,22900,22900,754,22897.5,23051.666666666668,23234.166666666668,46.26258572521814
42,20240223141146,22900,23000,22900,22900,913,22902.5,23055.833333333332,23242.916666666668,46.26258572521814
43,20240223141100,22900,22950,22850,22900,1390,22905.0,23060.0,23250.833333333332,46.26258572521814
44,20240223140833,22950,22950,22900,22900,268,22912.5,23064.166666666668,23258.75,46.26258572521814
45,20240223140709,22900,23000,22850,22950,1742,22917.5,23067.5,23267.083333333332,50.61073974077183
46,20240223140528,22800,22900,22800,22850,1539,22917.5,23070.0,23274.583333333332,40.16685240316789
47,20240223140427,22850,22900,22800,22800,5969,22922.5,23075.0,23283.333333333332,33.65302737023187
48,20240223140329,22850,22900,22850,22900,2452,22932.5,23080.0,23292.5,42.18126150612434
49,20240223140220,22800,22900,22800,22850,1239,22937.5,23084.166666666668,23302.083333333332,34.47130724740924
50,20240223140137,22800,22850,22800,22800,1767,22945.0,23088.333333333332,23311.666666666668,25.210736286692054
51,20240223140020,22800,22850,22800,22850,3694,22955.0,23094.166666666668,23320.833333333332,29.018767901465964
52,20240223135937,22850,22900,22800,22850,2719,22965.0,23099.166666666668,23330.0,29.018767901465964
53,20240223135845,22900,22900,22850,22850,9776,22977.5,23104.166666666668,23337.916666666668,29.018767901465978
54,20240223135832,22950,22950,22900,22900,5827,22990.0,23109.166666666668,23346.25,33.01104040698496
55,20240223135756,22950,23000,22950,22950,1275,23002.5,23113.333333333332,23353.333333333332,37.84579147037456
56,20240223135714,22950,23000,22950,22950,1641,23012.5,23116.666666666668,23360.416666666668,37.84579147037456
57,20240223135640,22950,23000,22950,22950,340,23022.5,23120.0,23367.5,37.84579147037456
58,20240223135541,23000,23000,22950,22950,1106,23037.5,23125.0,23374.583333333332,37.84579147037456
59,20240223135438,23000,23000,22950,22950,2627,23050.0,23130.0,23381.666666666668,37.84579147037456
60,20240223135353,23000,23000,22950,23000,2208,23065.0,23135.0,23388.75,42.10277761565768
61,20240223135328,22950,23000,22950,23000,618,23080.0,23137.5,23395.416666666668,42.10277761565768
62,20240223135238,23050,23050,22950,22950,3705,23092.5,23140.0,23402.083333333332,35.88436991549604
63,20240223135124,23000,23050,22950,23050,2912,23107.5,23145.833333333332,23409.166666666668,44.825487266224044
64,20240223135041,22950,23050,22950,23000,1506,23112.5,23149.166666666668,23415.833333333332,37.607724266485086
65,20240223134956,22950,23050,22900,22950,5385,23120.0,23154.166666666668,23422.5,28.980817678311993
66,20240223134900,23000,23050,22950,22950,779,23132.5,23159.166666666668,23429.166666666668,28.980817678311993
67,20240223134800,23000,23050,23000,23000,877,23142.5,23165.0,23435.0,32.90364214529883
68,20240223134710,23000,23050,23000,23000,1292,23147.5,23170.833333333332,23440.416666666668,32.90364214529883
69,20240223134620,23000,23100,23000,23000,1197,23155.0,23175.833333333332,23446.666666666668,32.90364214529883
70,20240223134519,23050,23050,23000,23000,669,23165.0,23180.0,23452.5,32.90364214529883
71,20240223134425,23100,23150,23000,23050,7917,23175.0,23186.666666666668,23457.5,36.58541972753046
72,20240223134345,23100,23200,23050,23100,4679,23180.0,23193.333333333332,23462.083333333332,40.82753049455736
73,20240223134317,23100,23150,23100,23100,1049,23182.5,23197.5,23466.25,40.82753049455736
74,20240223134224,23150,23200,23000,23150,6386,23185.0,23202.5,23470.416666666668,45.36281565521694
75,20240223134139,23150,23150,23100,23150,3428,23185.0,23206.666666666668,23473.75,45.36281565521694
76,20240223134017,23300,23300,23150,23150,2334,23187.5,23211.666666666668,23477.083333333332,45.36281565521695
77,20240223133938,23200,23300,23200,23250,503,23190.0,23215.833333333332,23480.833333333332,55.177860535645976
78,20240223133824,23250,23300,23200,23200,531,23187.5,23220.0,23483.75,50.17235470329594
79,20240223133730,23350,23350,23250,23250,492,23187.5,23225.0,23486.666666666668,55.977069172533206
80,20240223133624,23250,23300,23200,23300,1384,23185.0,23230.0,23490.0,62.71459280276398
81,20240223133541,23250,23300,23200,23250,476,23177.5,23233.333333333332,23492.5,58.02304198495335
82,20240223133457,23200,23300,23150,23250,1034,23172.5,23236.666666666668,23495.833333333332,58.02304198495335
83,20240223133324,23150,23250,23100,23150,1249,23167.5,23240.833333333332,23499.166666666668,46.39031899346695
84,20240223133243,23150,23200,23100,23150,1125,23167.5,23247.5,23503.333333333332,46.39031899346695
85,20240223133211,23150,23200,23100,23200,279,23165.0,23253.333333333332,23506.666666666668,52.684741886039696
86,20240223133131,23100,23150,23100,23150,2476,23160.0,23258.333333333332,23509.166666666668,45.86402832066536
87,20240223133003,23150,23200,23100,23100,3216,23160.0,23265.0,23512.083333333332,37.49758856398179
88,20240223132905,23200,23200,23150,23150,1189,23160.0,23275.0,23515.0,43.7803285224469
89,20240223132832,23200,23200,23150,23200,695,23160.0,23284.166666666668,23517.5,51.84678715565832
90,20240223132706,23150,23250,23150,23200,558,23155.0,23294.166666666668,23519.583333333332,51.84678715565831
91,20240223132619,23150,23200,23150,23150,735,23152.5,23304.166666666668,23522.5,42.751942557601964
92,20240223132530,23150,23250,23150,23150,396,23152.5,23315.0,23525.416666666668,42.75194255760197
93,20240223132435,23150,23200,23150,23150,958,23152.5,23325.833333333332,23528.75,42.75194255760197
94,20240223132332,23200,23250,23150,23150,1820,23152.5,23337.5,23530.0,42.75194255760197
95,20240223132301,23200,23250,23200,23200,398,23152.5,23350.0,23531.25,49.73589395789597
96,20240223132158,23250,23250,23200,23200,830,23150.0,23360.833333333332,23532.916666666668,49.73589395789597
97,20240223132056,23200,23250,23150,23200,442,23147.5,23372.5,23534.166666666668,49.73589395789597
98,20240223132009,23200,23200,23150,23200,466,23150.0,23384.166666666668,23535.0,49.73589395789597
99,20240223131910,23150,23200,23150,23200,2565,23152.5,23395.0,23536.25,49.73589395789596
100,20240223131828,23200,23200,23150,23150,850,23155.0,23405.0,23537.083333333332,43.34668211418138
101,20240223131727,23150,23200,23100,23150,1037,23155.0,23416.666666666668,23538.75,43.34668211418138
102,20240223131657,23150,23200,23150,23150,430,23155.0,23430.0,23540.416666666668,43.34668211418138
103,20240223131547,23100,23200,23100,23150,690,23162.5,23441.666666666668,23541.666666666668,43.34668211418138
104,20240223131450,23100,23200,23100,23100,638,23167.5,23453.333333333332,23543.333333333332,37.43393307018109
105,20240223131421,23150,23200,23100,23100,471,23177.5,23466.666666666668,23546.25,37.43393307018109
106,20240223131325,23100,23200,23100,23150,1161,23185.0,23479.166666666668,23549.166666666668,41.13574262977199
107,20240223131211,23150,23150,23100,23100,821,23192.5,23491.666666666668,23552.083333333332,35.183969627508276
108,20240223131114,23100,23200,23100,23150,1429,23205.0,23505.0,23555.416666666668,38.82960268005745
109,20240223131038,23150,23200,23100,23100,539,23212.5,23520.0,23557.916666666668,32.31752347950234
110,20240223131000,23150,23200,23150,23150,226,23220.0,23535.0,23562.083333333332,35.86268920229155
111,20240223130859,23150,23200,23150,23150,1262,23232.5,23547.5,23565.0,35.86268920229155
112,20240223130746,23150,23200,23100,23150,1441,23247.5,23560.833333333332,23567.916666666668,35.86268920229155
113,20240223130719,23150,23200,23000,23150,5211,23257.5,23571.666666666668,23571.25,35.86268920229155
114,20240223130600,23150,23250,23150,23150,1725,23270.0,23583.333333333332,23574.166666666668,35.86268920229155
115,20240223130430,23150,23250,23150,23150,1533,23282.5,23593.333333333332,23577.5,35.86268920229155
116,20240223130335,23250,23250,23150,23150,1003,23297.5,23604.166666666668,23581.666666666668,35.86268920229155
117,20240223130244,23250,23300,23250,23250,316,23310.0,23615.0,23585.833333333332,41.24982311350553
118,20240223130200,23250,23250,23200,23250,444,23322.5,23624.166666666668,23589.166666666668,41.249823113505535
119,20240223130047,23200,23300,23150,23250,1066,23335.0,23633.333333333332,23593.333333333332,41.249823113505535
120,20240223125950,23200,23200,23100,23150,1723,23350.0,23642.5,23597.5,33.21787061723157
121,20240223125901,23300,23300,23150,23150,4521,23367.5,23653.333333333332,23600.833333333332,33.21787061723157
122,20240223125724,23250,23350,23200,23300,706,23382.5,23664.166666666668,23603.75,40.35315607044641
123,20240223125626,23300,23300,23200,23250,906,23392.5,23672.5,23605.833333333332,36.10499962636784
124,20240223125553,23250,23350,23200,23300,608,23407.5,23682.5,23608.333333333332,38.66188572729144
125,20240223125515,23300,23350,23250,23250,1860,23417.5,23690.833333333332,23610.416666666668,34.34439767877855
126,20240223125354,23350,23350,23250,23300,1350,23430.0,23699.166666666668,23612.916666666668,36.74614801674442
127,20240223125246,23300,23350,23250,23350,2002,23442.5,23705.0,23615.0,39.29801408262981
128,20240223125157,23250,23350,23250,23300,1040,23460.0,23710.0,23616.666666666668,35.11380188081152
129,20240223125101,23400,23400,23250,23250,3317,23480.0,23717.5,23618.75,30.676635094307457
130,20240223125014,23450,23450,23400,23400,3112,23507.5,23725.0,23621.666666666668,37.89567913174488
131,20240223124926,23350,23450,23150,23450,10128,23527.5,23728.333333333332,23623.75,40.87282924851871
132,20240223124841,23400,23450,23350,23350,512,23545.0,23730.833333333332,23625.0,30.77251446845422
133,20240223124746,23400,23450,23350,23400,2605,23567.5,23735.0,23627.083333333332,33.423352155173134
134,20240223124652,23500,23500,23400,23400,1384,23590.0,23738.333333333332,23629.166666666668,33.423352155173134
135,20240223124616,23400,23500,23400,23450,562,23615.0,23740.833333333332,23631.25,36.10510931797721
136,20240223124514,23500,23550,23400,23400,1864,23635.0,23742.5,23632.083333333332,30.961395913031723
137,20240223124424,23500,23550,23450,23500,913,23660.0,23745.833333333332,23634.583333333332,36.403975037013275
138,20240223124321,23500,23550,23400,23500,502,23680.0,23747.5,23635.833333333332,36.403975037013275
139,20240223124237,23500,23600,23400,23550,1681,23697.5,23748.333333333332,23637.916666666668,39.389088083788714
140,20240223124154,23450,23550,23450,23500,1314,23710.0,23750.0,23640.0,34.39365513719605
141,20240223124054,23450,23500,23450,23450,2447,23727.5,23751.666666666668,23642.083333333332,28.95663209123964
142,20240223124002,23550,23550,23450,23500,3543,23752.5,23755.0,23644.166666666668,31.370732366851243
143,20240223123929,23500,23600,23450,23550,3519,23770.0,23757.5,23646.25,34.00306415843825
144,20240223123920,23500,23600,23500,23500,1494,23785.0,23759.166666666668,23647.916666666668,28.426265491399576
145,20240223123903,23550,23600,23500,23500,2705,23805.0,23760.0,23650.833333333332,28.426265491399576
146,20240223123836,23650,23650,23550,23550,3232,23822.5,23760.0,23653.75,30.660179880053775
147,20240223123828,23700,23700,23700,23700,886,23840.0,23759.166666666668,23657.083333333332,39.253517343676116
148,20240223123727,23800,23850,23700,23700,1439,23850.0,23755.0,23659.583333333332,39.253517343676116
149,20240223123623,23850,23850,23750,23800,1238,23867.5,23750.833333333332,23662.916666666668,46.79229405636404
150,20240223123518,23850,23850,23800,23800,1168,23877.5,23745.0,23665.833333333332,46.792294056364035
151,20240223123423,23800,23900,23800,23800,2258,23882.5,23740.833333333332,23667.916666666668,46.792294056364035
152,20240223123324,23850,23900,23800,23800,2591,23890.0,23735.833333333332,23669.583333333332,46.792294056364035
153,20240223123242,23900,23900,23800,23850,942,23890.0,23731.666666666668,23671.25,50.38975261101624
154,20240223123141,23850,23900,23850,23900,1097,23890.0,23722.5,23671.666666666668,54.26362760065647
155,20240223123023,23850,23950,23850,23850,1826,23882.5,23712.5,23672.5,50.74765392577977
156,20240223122950,23900,23950,23850,23900,1907,23880.0,23705.0,23674.166666666668,54.648680379122275
157,20240223122836,23900,23950,23850,23900,2010,23875.0,23695.833333333332,23675.416666666668,54.648680379122275
158,20240223122733,23800,23900,23800,23850,1277,23870.0,23685.833333333332,23676.666666666668,51.42933470369745
159,20240223122707,23850,23900,23800,23800,1290,23867.5,23677.5,23677.916666666668,48.00180465736281
160,20240223122624,23950,23950,23850,23850,1005,23867.5,23669.166666666668,23679.166666666668,51.367799918822705
161,20240223122532,23850,23950,23850,23950,2069,23865.0,23660.833333333332,23679.166666666668,59.05886209550409
162,20240223122410,23850,23900,23800,23850,3433,23857.5,23650.833333333332,23677.916666666668,52.44762227805883
163,20240223122337,23850,23900,23800,23850,1260,23855.0,23641.666666666668,23677.916666666668,52.44762227805883
164,20240223122307,23850,23900,23850,23900,391,23855.0,23633.333333333332,23677.083333333332,56.37215813225954
165,20240223122208,23900,23950,23850,23850,4288,23850.0,23625.833333333332,23675.416666666668,53.114412462129735
166,20240223122132,23950,23950,23900,23900,2006,23845.0,23619.166666666668,23673.75,57.071621323711454
167,20240223122032,24050,24050,23900,23900,1644,23832.5,23612.5,23672.083333333332,57.07162132371145
168,20240223122022,24000,24050,23950,24050,2643,23820.0,23605.833333333332,23671.25,70.6962570723211
169,20240223122000,23900,24000,23850,24000,6191,23805.0,23595.833333333332,23667.5,68.35817195251269
170,20240223121921,23900,23950,23850,23900,2019,23790.0,23589.166666666668,23664.583333333332,62.8539613766395
171,20240223121832,23800,23950,23800,23950,6761,23775.0,23582.5,23663.75,68.3763187875106
172,20240223121706,23850,23850,23750,23800,2015,23757.5,23575.0,23662.916666666668,58.12801540006246
173,20240223121633,23750,23850,23750,23850,1533,23747.5,23570.833333333332,23662.5,64.60876184871537
174,20240223121605,23800,23850,23750,23750,1096,23735.0,23565.0,23663.75,55.367371596596
175,20240223121523,23800,23850,23750,23800,2163,23725.0,23561.666666666668,23666.25,63.00586790519578
176,20240223121436,23850,23850,23750,23800,1396,23712.5,23559.166666666668,23669.166666666668,63.00586790519578
177,20240223121359,23750,23850,23750,23800,1923,23702.5,23556.666666666668,23672.083333333332,63.00586790519578
178,20240223121322,23800,23850,23750,23800,3353,23692.5,23554.166666666668,23675.416666666668,63.00586790519578
179,20240223121250,23800,23850,23750,23800,2434,23680.0,23553.333333333332,23678.75,63.00586790519578
180,20240223121221,23850,23850,23700,23800,3502,23672.5,23552.5,23682.5,63.00586790519578
181,20240223121214,23750,23850,23750,23800,2209,23662.5,23548.333333333332,23686.25,63.00586790519578
182,20240223121200,23850,23900,23750,23800,4303,23655.0,23543.333333333332,23690.416666666668,63.00586790519578
183,20240223121152,23800,23850,23800,23850,3635,23647.5,23539.166666666668,23693.333333333332,68.20709805522719
184,20240223121148,23750,23850,23700,23800,3169,23637.5,23534.166666666668,23696.25,65.56768992395484
185,20240223121054,23650,23750,23600,23750,3121,23625.0,23530.0,23699.583333333332,62.69162970603227
186,20240223121004,23650,23700,23650,23650,1010,23612.5,23526.666666666668,23703.333333333332,55.84163732234634
187,20240223120922,23700,23750,23650,23650,1311,23605.0,23525.0,23706.666666666668,55.841637322346344
188,20240223120839,23700,23750,23650,23750,970,23595.0,23523.333333333332,23709.166666666668,66.34483564156706
189,20240223120804,23650,23700,23600,23700,2797,23580.0,23520.0,23710.416666666668,63.124617624914706
190,20240223120724,23600,23650,23600,23600,829,23567.5,23518.333333333332,23712.5,55.15599490783139
191,20240223120608,23600,23700,23600,23600,572,23565.0,23519.166666666668,23716.25,55.1559949078314
192,20240223120523,23600,23700,23600,23600,646,23560.0,23519.166666666668,23720.833333333332,55.15599490783139
193,20240223120409,23550,23700,23550,23600,2625,23557.5,23519.166666666668,23725.833333333332,55.1559949078314
194,20240223120320,23550,23650,23550,23550,957,23542.5,23520.0,23731.666666666668,51.23902353355463
195,20240223120201,23600,23650,23550,23550,4445,23530.0,23521.666666666668,23737.083333333332,51.23902353355463
196,20240223120116,23600,23650,23600,23600,491,23522.5,23521.666666666668,23742.083333333332,55.41235880058148
197,20240223120030,23550,23650,23550,23600,725,23510.0,23523.333333333332,23746.25,55.41235880058147
198,20240223115935,23650,23700,23550,23550,1325,23495.0,23524.166666666668,23750.416666666668,52.0445199157626
199,20240223115823,23600,23700,23550,23650,6865,23485.0,23527.5,23755.833333333332,60.53628308546991
200,20240223115739,23650,23800,23550,23600,3433,23467.5,23530.0,23761.25,57.30169628702603
201,20240223115643,23650,23700,23600,23650,1512,23455.0,23532.5,23767.083333333332,62.02214073802882
202,20240223115532,23700,23750,23650,23650,11869,23440.0,23533.333333333332,23772.083333333332,62.02214073802882
203,20240223115425,23550,23700,23500,23650,1817,23422.5,23535.0,23776.666666666668,62.022140738028824
204,20240223115342,23500,23700,23450,23550,1176,23407.5,23536.666666666668,23781.666666666668,56.25103331650961
205,20240223115201,23550,23550,23400,23500,1152,23402.5,23541.666666666668,23787.916666666668,52.930123703305306
206,20240223115107,23450,23550,23450,23500,446,23400.0,23547.5,23794.166666666668,52.930123703305306
207,20240223115000,23450,23550,23450,23450,2205,23400.0,23555.0,23799.583333333332,49.633562668606416
208,20240223114903,23450,23500,23400,23450,347,23402.5,23564.166666666668,23805.416666666668,49.633562668606416
209,20240223114800,23550,23600,23150,23450,6190,23402.5,23575.0,23810.833333333332,49.633562668606416
210,20240223114641,23500,23650,23450,23550,2613,23410.0,23586.666666666668,23816.666666666668,55.90300908328735
211,20240223114559,23450,23600,23450,23500,290,23407.5,23595.0,23821.25,53.15577863917028
212,20240223114439,23300,23600,23300,23550,7145,23407.5,23603.333333333332,23825.416666666668,56.419640477193674
213,20240223114338,23300,23350,23250,23300,1000,23407.5,23610.833333333332,23829.166666666668,39.04163592595714
214,20240223114259,23350,23400,23300,23300,734,23417.5,23620.833333333332,23833.333333333332,39.04163592595713
215,20240223114150,23350,23450,23300,23400,3413,23430.0,23632.5,23838.333333333332,45.267277242016895
216,20240223114038,23400,23400,23300,23350,1704,23442.5,23643.333333333332,23841.666666666668,40.89110670974223
217,20240223114000,23350,23400,23300,23300,1792,23457.5,23655.0,23845.0,36.15066419304986
218,20240223113913,23300,23400,23300,23350,3137,23475.0,23667.5,23847.916666666668,39.059419276384006
219,20240223113844,23350,23350,23250,23300,2875,23495.0,23678.333333333332,23850.833333333332,34.138603259527244
220,20240223113743,23350,23400,23200,23350,8445,23517.5,23689.166666666668,23854.166666666668,36.905803046184374
221,20240223113657,23300,23400,23300,23350,1255,23527.5,23697.5,23857.5,36.905803046184374
222,20240223113635,23350,23400,23250,23300,2633,23535.0,23705.0,23860.833333333332,32.16467939400229
223,20240223113608,23450,23500,23350,23350,2795,23547.5,23714.166666666668,23865.0,34.57735510329803
224,20240223113514,23450,23500,23400,23450,5509,23557.5,23720.833333333332,23867.916666666668,40.17373589587179
225,20240223113427,23550,23550,23400,23450,2084,23562.5,23725.0,23869.583333333332,40.1737358958718
226,20240223113320,23500,23550,23500,23500,1051,23567.5,23728.333333333332,23870.833333333332,43.187238416759826
227,20240223113239,23450,23550,23450,23500,1439,23570.0,23731.666666666668,23870.833333333332,43.187238416759826
228,20240223113143,23500,23550,23450,23450,1648,23572.5,23736.666666666668,23871.25,39.25857378418616
229,20240223113040,23500,23600,23450,23600,2370,23577.5,23739.166666666668,23872.916666666668,48.62556970127361
230,20240223112947,23550,23600,23450,23500,3021,23577.5,23740.0,23872.916666666668,39.72237183135958
231,20240223112915,23550,23600,23450,23500,2927,23585.0,23745.0,23874.166666666668,39.72237183135958
232,20240223112840,23500,23600,23500,23550,1726,23590.0,23750.833333333332,23875.416666666668,42.92981253429091
233,20240223112803,23550,23600,23500,23500,643,23592.5,23754.166666666668,23875.833333333332,38.30391064871164
234,20240223112702,23650,23700,23500,23550,2040,23600.0,23762.5,23876.666666666668,41.421572562259634
235,20240223112606,23700,23700,23600,23650,577,23605.0,23770.833333333332,23876.666666666668,48.79774312741128
236,20240223112521,23650,23700,23550,23650,2406,23600.0,23779.166666666668,23875.833333333332,48.79774312741128
237,20240223112438,23700,23700,23650,23650,289,23602.5,23787.5,23874.166666666668,48.79774312741129
238,20240223112337,23800,23850,23600,23750,809,23602.5,23796.666666666668,23872.916666666668,56.91211796703974
239,20240223112238,23550,23850,23550,23750,4863,23602.5,23804.166666666668,23870.416666666668,56.91211796703974
240,20240223112154,23500,23600,23450,23550,446,23605.0,23812.5,23868.333333333332,39.58866891382237
241,20240223112128,23550,23600,23500,23500,1358,23615.0,23824.166666666668,23868.333333333332,33.36989072076088
242,20240223112051,23500,23550,23500,23550,853,23625.0,23837.5,23868.333333333332,36.896767603611906
243,20240223111948,23500,23550,23500,23550,939,23635.0,23847.5,23867.083333333332,36.89676760361189
244,20240223111903,23550,23600,23500,23550,635,23645.0,23858.333333333332,23866.25,36.89676760361189
245,20240223111821,23550,23600,23500,23550,2270,23660.0,23869.166666666668,23864.166666666668,36.89676760361189
246,20240223111800,23500,23550,23450,23550,2841,23675.0,23880.0,23861.666666666668,36.89676760361189
247,20240223111652,23550,23600,23500,23550,3794,23695.0,23888.333333333332,23858.333333333332,36.89676760361189
248,20240223111623,23600,23650,23550,23550,591,23717.5,23895.0,23855.0,36.89676760361189
249,20240223111549,23650,23700,23600,23600,662,23745.0,23900.833333333332,23851.25,39.373911846367996
250,20240223111511,23600,23750,23600,23650,2506,23772.5,23906.666666666668,23847.083333333332,41.99174661222905
251,20240223111430,23550,23650,23550,23600,1753,23792.5,23913.333333333332,23842.916666666668,38.17481473017364
252,20240223111350,23600,23650,23550,23600,1149,23812.5,23922.5,23838.75,38.17481473017364
253,20240223111323,23650,23650,23500,23650,3148,23832.5,23932.5,23832.916666666668,40.470956630366835
254,20240223111304,23550,23650,23500,23650,1329,23845.0,23943.333333333332,23827.083333333332,40.470956630366835
255,20240223111242,23700,23750,23550,23550,10752,23862.5,23952.5,23821.25,33.58173880995653
256,20240223111131,23650,23800,23650,23700,873,23887.5,23962.5,23816.666666666668,40.035144875234344
257,20240223111052,23750,23750,23650,23650,1733,23905.0,23969.166666666668,23811.666666666668,36.24278805752489
258,20240223110946,23750,23800,23700,23750,1656,23925.0,23976.666666666668,23807.916666666668,41.06604747810472
259,20240223110850,23750,23800,23700,23800,3411,23937.5,23984.166666666668,23803.75,43.770543069552104
260,20240223110749,23650,23750,23600,23750,3330,23945.0,23992.5,23799.583333333332,40.10795719752367
261,20240223110717,23700,23750,23650,23700,3583,23950.0,24001.666666666668,23795.833333333332,36.2522494515773
262,20240223110703,23750,23750,23700,23750,3208,23955.0,24010.833333333332,23792.5,38.55716711479343
263,20240223110622,23850,23900,23750,23750,1119,23960.0,24018.333333333332,23788.75,38.55716711479343
264,20240223110533,23850,23900,23750,23850,956,23960.0,24026.666666666668,23785.0,43.30529105841094
265,20240223110431,23950,24000,23850,23850,4518,23952.5,24034.166666666668,23780.833333333332,43.30529105841094
266,20240223110403,24000,24050,23950,23950,6948,23942.5,24040.833333333332,23776.666666666668,48.449742016843025
267,20240223110328,24200,24200,24000,24000,814,23930.0,24044.166666666668,23771.25,51.27796861840182
268,20240223110241,24150,24200,24000,24100,5812,23920.0,24046.666666666668,23764.583333333332,57.51292632355107
269,20240223110138,24050,24150,24050,24150,5916,23895.0,24046.666666666668,23757.5,60.95396859269843
270,20240223110104,24000,24100,23950,24050,7262,23870.0,24046.666666666668,23750.416666666668,56.07305834895212
271,20240223110019,24000,24050,23900,24000,5065,23857.5,24047.5,23743.333333333332,53.36656708080292
272,20240223110000,23900,24000,23900,24000,2442,23850.0,24047.5,23735.833333333332,53.36656708080292
273,20240223105909,24000,24050,23900,23900,6771,23837.5,24047.5,23727.916666666668,47.82262737241653
274,20240223105823,24000,24050,24000,24000,926,23842.5,24045.833333333332,23720.416666666668,53.75694838109937
275,20240223105735,24050,24100,24000,24050,2129,23845.0,24044.166666666668,23712.5,57.04340870061675
276,20240223105640,24050,24100,24000,24050,3255,23850.0,24040.0,23703.333333333332,57.04340870061675
277,20240223105629,24000,24100,24000,24050,1500,23855.0,24035.0,23694.583333333332,57.04340870061675
278,20240223105550,23950,24050,23900,24000,5817,23862.5,24028.333333333332,23686.25,54.832526870013794
279,20240223105517,23850,24000,23850,23950,6503,23872.5,24023.333333333332,23679.166666666668,52.56556197417202
280,20240223105434,23900,23900,23750,23850,1137,23887.5,24019.166666666668,23672.916666666668,47.6896985128978
281,20240223105352,23850,23900,23800,23800,6241,23907.5,24017.5,23667.916666666668,45.068090265796755
282,20240223105310,23750,23900,23700,23850,3025,23932.5,24016.666666666668,23663.333333333332,47.26777822398299
283,20240223105239,23700,23800,23700,23750,4708,23947.5,24015.833333333332,23658.75,42.01148983236397
284,20240223105203,23650,23900,23650,23700,3079,23970.0,24015.0,23655.416666666668,39.19758594948826
285,20240223105149,23700,23750,23600,23650,4209,23995.0,24014.166666666668,23651.25,36.328609669927125
286,20240223105110,23850,23850,23600,23700,3643,24022.5,24013.333333333332,23647.5,37.9932800036879
287,20240223105033,23750,23900,23600,23800,2276,24040.0,24010.0,23642.916666666668,41.52720632442781
288,20240223105005,23600,23850,23550,23600,3039,24047.5,24005.833333333332,23638.333333333332,29.317408299846733
289,20240223104941,23750,23950,23650,23650,9690,24062.5,24006.666666666668,23635.0,30.81094167961598
290,20240223104924,23850,23950,23750,23800,3327,24077.5,24005.833333333332,23630.416666666668,35.90659881603952
291,20240223104903,23750,23900,23750,23850,4463,24090.0,24003.333333333332,23625.833333333332,37.84384372852505
292,20240223104835,24000,24050,23750,23750,8819,24105.0,24000.0,23619.166666666668,30.922468725726773
293,20240223104813,24050,24050,24000,24000,2068,24127.5,23997.5,23612.5,41.7026883253475
294,20240223104726,24200,24200,24050,24050,3632,24142.5,23990.833333333332,23603.333333333332,44.58959176066026
295,20240223104656,24200,24250,24150,24150,4108,24150.0,23982.5,23593.75,51.16784596563468
296,20240223104625,24200,24250,24150,24150,7657,24150.0,23972.5,23580.833333333332,51.16784596563468
297,20240223104601,24250,24300,24200,24200,3052,24147.5,23960.833333333332,23567.5,54.64332703693918
298,20240223104523,24250,24300,24200,24200,5028,24142.5,23949.166666666668,23552.083333333332,54.64332703693918
299,20240223104500,24250,24300,24150,24250,3663,24142.5,23936.666666666668,23536.666666666668,58.04267685895553
300,20240223104432,24250,24300,24200,24250,2458,24145.0,23924.166666666668,23520.0,58.04267685895553
301,20240223104401,24150,24300,24100,24300,5990,24147.5,23912.5,23502.916666666668,61.33255983356924
302,20240223104335,24200,24200,24100,24150,3213,24145.0,23899.166666666668,23486.25,54.08237646181763
303,20240223104315,24200,24250,24150,24200,1596,24147.5,23886.666666666668,23470.416666666668,57.414484713420016
304,20240223104249,24200,24200,24150,24200,2218,24150.0,23874.166666666668,23454.583333333332,57.414484713420016
305,20240223104221,24100,24200,24050,24200,3980,24155.0,23859.166666666668,23438.333333333332,57.41448471342
306,20240223104211,23950,24100,23900,24050,2792,24157.5,23843.333333333332,23421.25,50.01762407597667
307,20240223104145,23900,24000,23850,23950,3873,24162.5,23828.333333333332,23405.0,43.99576703998305
308,20240223104128,23950,24000,23900,23900,2995,24172.5,23815.0,23387.916666666668,40.67744353321062
309,20240223104113,24050,24050,23950,23950,3988,24182.5,23801.666666666668,23371.25,43.04578211405079
310,20240223104045,24150,24200,24050,24050,2112,24192.5,23787.5,23354.583333333332,48.26449248604893
311,20240223104029,24200,24300,24100,24150,4113,24195.0,23772.5,23337.916666666668,54.38721741099585
312,20240223104016,24300,24350,24100,24200,7094,24187.5,23755.0,23320.416666666668,57.79100601696395
313,20240223104003,24200,24300,24200,24300,2765,24177.5,23733.333333333332,23302.083333333332,65.39131252923607
314,20240223103947,24200,24300,24150,24200,4909,24152.5,23710.833333333332,23281.25,60.57698030832469
315,20240223103928,24100,24200,24100,24150,1042,24137.5,23690.0,23261.25,57.85501790855379
316,20240223103915,24100,24200,24100,24100,1872,24120.0,23670.833333333332,23242.083333333332,54.96786284384527
317,20240223103901,24200,24200,24050,24100,2618,24102.5,23654.166666666668,23223.75,54.96786284384527
318,20240223103846,24300,24300,24150,24200,3862,24080.0,23639.166666666668,23206.666666666668,62.331501209277675
319,20240223103826,24300,24300,24200,24300,2910,24055.0,23623.333333333332,23190.0,71.18668747712735
320,20240223103820,24250,24300,24200,24300,2515,24025.0,23606.666666666668,23171.25,71.18668747712735
321,20240223103805,24250,24300,24200,24250,1605,23997.5,23590.0,23151.666666666668,69.3067950831306
322,20240223103756,24250,24350,24200,24200,6470,23972.5,23574.166666666668,23132.916666666668,67.32736930683495
323,20240223103747,24300,24350,24250,24250,4766,23952.5,23559.166666666668,23114.583333333332,71.61603897208512
324,20240223103734,24200,24300,24200,24300,2594,23925.0,23543.333333333332,23096.25,76.11835153313562
325,20240223103712,24150,24250,24150,24250,2647,23892.5,23527.5,23077.5,74.63778531597681
326,20240223103655,24050,24250,24050,24150,5305,23860.0,23512.5,23058.75,71.33774537371023
327,20240223103642,24150,24200,24050,24150,3075,23827.5,23498.333333333332,23040.416666666668,71.33774537371023
328,20240223103633,24150,24200,24100,24100,1796,23797.5,23482.5,23020.833333333332,69.63435092176775
329,20240223103626,24100,24200,24050,24150,4195,23775.0,23468.333333333332,23000.0,73.70156374065378
330,20240223103622,24000,24100,24000,24100,2814,23747.5,23454.166666666668,22979.166666666668,72.1934437791543
331,20240223103611,23950,24050,23950,24000,11363,23725.0,23439.166666666668,22957.916666666668,68.87904986546059
332,20240223103530,23900,24000,23800,24000,13149,23707.5,23424.166666666668,22937.5,68.87904986546059
333,20240223103456,23900,23900,23800,23800,6405,23687.5,23408.333333333332,22917.5,60.827048479215016
334,20240223103429,23800,23900,23800,23900,4713,23677.5,23395.0,22897.083333333332,69.13152912831397
335,20240223103403,23750,23850,23750,23800,1946,23660.0,23380.833333333332,22876.666666666668,64.65006800699666
336,20240223103327,23650,23850,23650,23750,3119,23647.5,23366.666666666668,22855.833333333332,62.0951017250757
337,20240223103308,23700,23850,23650,23650,3346,23632.5,23354.166666666668,22836.666666666668,56.218401826410464
338,20240223103228,23750,23750,23600,23700,2624,23625.0,23344.166666666668,22817.5,60.57899491932495
339,20240223103134,23750,23800,23650,23700,3852,23612.5,23335.0,22799.583333333332,60.57899491932494
340,20240223103120,23750,23850,23650,23750,3469,23602.5,23326.666666666668,22780.833333333332,64.92092043479398
341,20240223103108,23800,23900,23750,23750,7951,23592.5,23318.333333333332,22762.083333333332,64.92092043479397
342,20240223103053,23700,23800,23700,23800,2015,23580.0,23310.0,22743.333333333332,69.19734032522084
343,20240223103051,23650,23700,23650,23700,6490,23560.0,23301.666666666668,22723.75,64.90396293723259
344,20240223103035,23650,23700,23600,23650,2447,23547.5,23295.833333333332,22705.0,62.475621946623995
345,20240223103020,23500,23600,23450,23600,3004,23530.0,23288.333333333332,22686.666666666668,59.89918127053966
346,20240223102955,23550,23600,23450,23500,4170,23512.5,23281.666666666668,22667.5,54.03853020279055
347,20240223102932,23650,23650,23550,23550,4785,23495.0,23275.833333333332,22649.166666666668,57.97219831876581
348,20240223102914,23600,23700,23600,23650,3715,23475.0,23270.833333333332,22630.833333333332,67.0344845243133
349,20240223102900,23650,23700,23600,23600,3772,23447.5,23263.333333333332,22611.666666666668,64.45468669969418
350,20240223102848,23650,23650,23600,23650,7858,23422.5,23255.0,22593.333333333332,69.50548713458885
351,20240223102838,23600,23650,23600,23650,3849,23397.5,23248.333333333332,22574.166666666668,69.50548713458885
352,20240223102838,23600,23600,23600,23600,7520,23370.0,23238.333333333332,22555.0,67.29575043296754
353,20240223102832,23600,23600,23550,23600,9200,23335.0,23227.5,22536.666666666668,67.29575043296754
354,20240223102813,23550,23600,23500,23550,1896,23302.5,23215.833333333332,22518.333333333332,65.11616612929615
355,20240223102737,23400,23550,23400,23550,3953,23272.5,23205.0,22500.0,65.11616612929615
356,20240223102709,23450,23500,23350,23450,3212,23245.0,23189.166666666668,22482.5,60.586394850414976
357,20240223102647,23450,23600,23400,23500,6029,23227.5,23174.166666666668,22465.416666666668,64.47342707322409
358,20240223102622,23500,23600,23450,23450,3856,23212.5,23155.0,22447.916666666668,62.22288500839263
359,20240223102403,23500,23600,23500,23500,18799,23202.5,23136.666666666668,22430.833333333332,66.11179683985162
360,20240223102402,23500,23550,23500,23550,5326,23192.5,23115.833333333332,22413.333333333332,70.18501495761213
361,20240223102348,23450,23500,23450,23500,8193,23180.0,23093.333333333332,22395.416666666668,68.37578497254886
362,20240223102325,23450,23500,23400,23400,12955,23170.0,23073.333333333332,22377.916666666668,64.35925234484304
363,20240223102309,23350,23450,23300,23450,6860,23165.0,23054.166666666668,22362.083333333332,68.39220843502575
364,20240223102218,23250,23350,23250,23300,4900,23157.5,23035.0,22345.0,61.70786685467284
365,20240223102141,23150,23300,23100,23250,2685,23160.0,23017.5,22329.166666666668,59.02580378056274
366,20240223102044,23200,23200,23100,23150,1404,23165.0,22999.166666666668,22313.333333333332,52.898985486402104
367,20240223102006,23100,23150,23100,23150,4029,23172.5,22981.666666666668,22298.333333333332,52.89898548640209
368,20240223101937,23100,23150,23100,23100,709,23175.0,22960.833333333332,22283.333333333332,49.653381709337026
369,20240223101855,23100,23200,23100,23100,2031,23182.5,22940.833333333332,22268.75,49.653381709337026
370,20240223101825,23100,23200,23100,23150,3644,23192.5,22921.666666666668,22254.583333333332,52.78989145144545
371,20240223101743,22900,23200,22900,23100,8972,23195.0,22903.333333333332,22240.0,49.84818178169836
372,20240223101702,22950,23000,22850,22900,3568,23195.0,22885.833333333332,22225.833333333332,34.74565784024246
373,20240223101623,22950,23050,22950,22950,2100,23202.5,22870.833333333332,22212.916666666668,37.35717059407028
374,20240223101606,23000,23050,22950,22950,3797,23205.0,22851.666666666668,22199.166666666668,37.35717059407029
375,20240223101514,23100,23150,23000,23000,4172,23210.0,22832.5,22186.25,39.94594971181261
376,20240223101441,23150,23200,23100,23100,8719,23207.5,22813.333333333332,22172.916666666668,45.84618820035446
377,20240223101403,23250,23300,23150,23200,1216,23202.5,22793.333333333332,22158.75,53.133756792992955
378,20240223101337,23300,23300,23250,23250,9154,23195.0,22774.166666666668,22143.75,57.36756478463244
379,20240223101308,23300,23350,23300,23300,3842,23190.0,22756.666666666668,22128.333333333332,61.95137811399769
380,20240223101241,23300,23350,23250,23300,1288,23185.0,22735.833333333332,22112.916666666668,61.95137811399769
381,20240223101202,23250,23350,23250,23300,2881,23182.5,22713.333333333332,22097.083333333332,61.95137811399769
382,20240223101125,23250,23350,23200,23300,3083,23180.0,22691.666666666668,22081.25,61.95137811399769
383,20240223101051,23300,23400,23250,23300,1782,23180.0,22670.0,22065.833333333332,61.95137811399769
384,20240223101004,23350,23400,23300,23350,6770,23182.5,22649.166666666668,22050.0,65.56822847859154
385,20240223100950,23250,23350,23250,23350,8798,23175.0,22627.5,22034.166666666668,65.56822847859154
386,20240223100918,23200,23300,23200,23300,2830,23167.5,22605.0,22018.333333333332,63.743067119143525
387,20240223100845,23250,23300,23150,23200,5224,23160.0,22582.5,22002.916666666668,59.784068576630034
388,20240223100809,23300,23300,23250,23250,4068,23162.5,22559.166666666668,21987.916666666668,62.976782985322785
389,20240223100725,23200,23300,23150,23300,5010,23160.0,22531.666666666668,21972.5,66.26271957032532
390,20240223100703,23100,23200,23100,23200,4962,23150.0,22504.166666666668,21956.666666666668,62.64280540520174
391,20240223100627,23050,23100,23000,23100,2507,23152.5,22476.666666666668,21941.25,58.50892185690825
392,20240223100540,23000,23150,23000,23050,1951,23150.0,22450.833333333332,21926.25,56.2617804358657
393,20240223100504,23000,23150,22950,23000,2485,23145.0,22426.666666666668,21910.833333333332,53.9456576081023
394,20240223100444,22950,23050,22850,23050,3356,23140.0,22399.166666666668,21896.25,56.73543933591351
395,20240223100411,22950,22950,22900,22950,4594,23132.5,22372.5,21881.666666666668,52.13877423875851
396,20240223100351,23050,23100,22900,23000,3719,23115.0,22345.0,21867.916666666668,54.84414083610184
397,20240223100335,23150,23150,23050,23050,5788,23092.5,22319.166666666668,21853.333333333332,57.620379093124015
398,20240223100325,23200,23250,23150,23150,1758,23057.5,22290.833333333332,21838.333333333332,63.59932031317448
399,20240223100242,23250,23300,23200,23200,1850,23017.5,22264.166666666668,21822.916666666668,66.81838316369803
400,20240223100202,23250,23300,23150,23250,6421,22970.0,22235.0,21807.5,70.11368413362129
401,20240223100133,23300,23350,23250,23250,2820,22917.5,22205.833333333332,21792.083333333332,70.11368413362129
402,20240223100106,23350,23350,23250,23300,2715,22870.0,22176.666666666668,21776.25,73.22758264960143
403,20240223100039,23200,23350,23200,23350,5605,22817.5,22145.833333333332,21760.0,76.37737339283308
404,20240223100015,23200,23350,23150,23200,8023,22765.0,22114.166666666668,21743.333333333332,73.16147582926439
405,20240223095956,23200,23250,23150,23200,2833,22717.5,22085.0,21727.916666666668,73.16147582926439
406,20240223095907,23250,23300,23150,23150,3629,22665.0,22053.333333333332,21712.5,72.06858616352974
407,20240223095836,23200,23300,23150,23250,6460,22612.5,22022.5,21697.5,77.96462881574605
408,20240223095809,23100,23250,23100,23200,3404,22545.0,21990.833333333332,21682.083333333332,77.09459129800746
409,20240223095745,23150,23300,23050,23100,3849,22480.0,21960.0,21667.083333333332,75.28210647111537
410,20240223095725,23000,23250,23000,23250,9432,22422.5,21931.666666666668,21652.916666666668,84.60712848094506
411,20240223095705,22950,23050,22900,23050,10468,22362.5,21900.0,21637.5,81.81887002667851
412,20240223095648,22900,22950,22900,22950,3190,22312.5,21871.666666666668,21623.75,80.14942637339188
413,20240223095609,22900,22900,22800,22900,5526,22265.0,21845.833333333332,21610.833333333332,79.26547089535833
414,20240223095531,22600,22900,22600,22900,11080,22210.0,21820.833333333332,21598.333333333332,79.26547089535833
415,20240223095519,22550,22650,22550,22600,5852,22155.0,21795.0,21585.833333333332,73.05884768370416
416,20240223095431,22350,22550,22350,22550,7722,22117.5,21775.833333333332,21575.833333333332,71.75014341741885
417,20240223095342,22350,22500,22350,22350,2354,22085.0,21756.666666666668,21566.666666666668,65.53102147607405
418,20240223095231,22250,22450,22150,22350,5276,22070.0,21740.833333333332,21559.166666666668,65.53102147607405
419,20240223095116,22200,22250,22100,22250,4652,22062.5,21725.0,21552.083333333332,61.916504526867854
420,20240223095038,22300,22350,22150,22200,1651,22052.5,21710.833333333332,21545.0,59.96746680040153
421,20240223095009,22250,22350,22250,22300,2156,22040.0,21697.5,21538.333333333332,66.26568089799751
422,20240223094902,22300,22300,22250,22250,5055,22025.0,21682.5,21531.25,64.53638194627526
423,20240223094747,22150,22350,22150,22300,3701,22012.5,21670.0,21524.583333333332,67.7618964432304
424,20240223094713,22100,22250,22050,22250,2716,22000.0,21655.0,21517.5,66.19291644344767
425,20240223094603,22100,22250,22000,22150,6738,21990.0,21640.833333333332,21510.833333333332,62.83366110126502
426,20240223094352,21900,22150,21850,22100,5962,21982.5,21627.5,21505.0,61.0361026511557
427,20240223094319,21900,21950,21850,21900,1693,21975.0,21615.0,21499.166666666668,52.503772245074565
428,20240223094155,21950,22050,21900,21900,2458,21970.0,21605.833333333332,21495.416666666668,52.50377224507458
429,20240223094108,22000,22100,21950,21950,5970,21955.0,21596.666666666668,21491.666666666668,55.10492798284668
430,20240223094013,22050,22100,22000,22050,4498,21940.0,21587.5,21487.5,60.68871864814678
431,20240223093853,22050,22200,21900,22050,8534,21915.0,21576.666666666668,21482.5,60.68871864814678
432,20240223093713,21800,22000,21700,22000,3548,21890.0,21565.833333333332,21477.5,58.89292728697091
433,20240223093542,21800,21850,21700,21800,1133,21870.0,21555.0,21472.916666666668,50.492881913177094
434,20240223093402,21850,21900,21700,21800,4850,21847.5,21546.666666666668,21470.416666666668,50.492881913177094
435,20240223093313,21950,22000,21850,21850,5807,21830.0,21540.0,21467.916666666668,52.81952750796001
436,20240223093252,22000,22100,21900,21900,2219,21802.5,21532.5,21465.0,55.180557342140744
437,20240223093158,22200,22200,22000,22050,3688,21780.0,21524.166666666668,21462.083333333332,63.02900952630347
438,20240223093046,22050,22200,22000,22200,4700,21745.0,21513.333333333332,21457.5,72.62015357505608
439,20240223092957,21950,22050,21950,22050,3081,21712.5,21500.0,21452.083333333332,68.11473338806329
440,20240223092922,22000,22000,21900,21950,1436,21682.5,21490.0,21447.916666666668,64.49832753667374
441,20240223092733,22000,22100,21950,22000,4842,21660.0,21480.833333333332,21444.583333333332,68.08353706140286
442,20240223092628,22050,22050,21950,22000,5061,21635.0,21470.833333333332,21440.833333333332,68.08353706140285
443,20240223092539,22050,22100,21950,22050,2388,21607.5,21461.666666666668,21437.083333333332,71.5109735171794
444,20240223092448,21950,22100,21900,22050,5428,21577.5,21450.833333333332,21432.916666666668,71.51097351717938
445,20240223092401,21950,22000,21900,22000,3683,21547.5,21440.833333333332,21428.75,70.21824222356493
446,20240223092305,21750,22000,21750,21950,5734,21512.5,21431.666666666668,21425.0,68.90817939895283
447,20240223092152,21600,21800,21600,21800,2895,21480.0,21423.333333333332,21421.25,64.56610499370939
448,20240223091952,21650,21750,21600,21600,3322,21457.5,21416.666666666668,21419.166666666668,57.15866469336612
449,20240223091806,21550,21700,21550,21650,1556,21445.0,21413.333333333332,21419.166666666668,60.07401855013801
450,20240223091540,21550,21650,21400,21550,1584,21432.5,21409.166666666668,21418.75,55.896402431789554
451,20240223091348,21600,21700,21550,21550,3933,21422.5,21405.833333333332,21419.166666666668,55.896402431789554
452,20240223091118,21300,21650,21250,21600,4626,21412.5,21401.666666666668,21418.75,58.53701152052487
453,20240223091010,21450,21550,21300,21350,3245,21402.5,21395.0,21418.333333333332,46.8876853178501
454,20240223090944,21300,21450,21200,21450,3103,21405.0,21393.333333333332,21420.833333333332,52.350779196783634
455,20240223090745,21350,21450,21250,21300,6672,21400.0,21390.833333333332,21422.083333333332,43.11980537507261
456,20240223090539,21450,21450,21300,21450,5215,21407.5,21390.833333333332,21425.0,52.57807564364452
457,20240223090339,21550,21700,21350,21350,4242,21405.0,21387.5,21426.666666666668,45.12702546206304
458,20240223090120,21450,21650,21300,21550,3862,21407.5,21385.833333333332,21429.583333333332,63.720635943028896
459,20240223090021,21450,21450,21250,21450,3952,21400.0,21381.666666666668,21431.25,55.1387262061723
460,20240222151817,21500,21550,21450,21500,4169,21397.5,21380.0,21433.75,61.94159301309192
461,20240222151501,21450,21500,21450,21500,2007,21392.5,21378.333333333332,21435.833333333332,61.941593013091925
462,20240222151002,21450,21500,21450,21450,789,21387.5,21375.833333333332,21438.333333333332,57.410903522600414
463,20240222150455,21450,21500,21400,21450,1095,21390.0,21374.166666666668,21440.833333333332,57.410903522600414
464,20240222150013,21300,21450,21300,21450,1212,21387.5,21372.5,21443.75,57.41090352260041
465,20240222145931,21300,21400,21300,21300,439,21385.0,21370.833333333332,21447.083333333332,40.356088430981316
466,20240222145811,21350,21400,21300,21300,927,21387.5,21371.666666666668,21452.083333333332,40.356088430981316
467,20240222145622,21350,21400,21350,21350,1335,21390.0,21372.5,21456.666666666668,45.60501599389951
468,20240222145421,21400,21450,21300,21350,1600,21390.0,21373.333333333332,21461.25,45.60501599389951
469,20240222145244,21350,21400,21300,21400,1382,21390.0,21374.166666666668,21465.833333333332,51.365570102795154
470,20240222145000,21350,21450,21350,21350,1240,21390.0,21374.166666666668,21470.416666666668,44.903174480067875
471,20240222144809,21400,21500,21350,21350,462,21392.5,21375.0,21476.25,44.903174480067875
472,20240222144528,21400,21400,21400,21400,375,21395.0,21375.833333333332,21482.083333333332,50.71355236967724
473,20240222144155,21350,21400,21350,21400,837,21392.5,21375.833333333332,21487.916666666668,50.71355236967724
474,20240222144118,21450,21500,21350,21350,2064,21387.5,21375.833333333332,21493.75,44.52393800782144
475,20240222143812,21400,21450,21400,21450,511,21390.0,21376.666666666668,21500.416666666668,58.06675230045637
476,20240222143439,21400,21400,21400,21400,358,21387.5,21375.833333333332,21507.916666666668,51.17105820415342
477,20240222143129,21400,21450,21400,21400,426,21387.5,21376.666666666668,21517.083333333332,51.17105820415342
478,20240222142954,21400,21450,21400,21400,592,21387.5,21377.5,21526.666666666668,51.17105820415342
479,20240222142718,21400,21450,21350,21400,894,21387.5,21379.166666666668,21537.916666666668,51.17105820415342
480,20240222142353,21400,21450,21400,21400,1031,21390.0,21379.166666666668,21549.166666666668,51.17105820415342
481,20240222142249,21450,21500,21400,21400,717,21390.0,21379.166666666668,21560.416666666668,51.17105820415342
482,20240222142007,21400,21500,21400,21500,864,21390.0,21380.0,21570.416666666668,64.8419741029929
483,20240222141752,21400,21500,21400,21400,794,21387.5,21379.166666666668,21578.75,53.24244625800945
484,20240222141624,21350,21450,21300,21400,2077,21387.5,21380.0,21587.083333333332,53.242446258009444
485,20240222141455,21350,21400,21350,21350,565,21390.0,21380.833333333332,21595.833333333332,45.488878534385016
486,20240222141246,21350,21400,21350,21350,1171,21395.0,21382.5,21604.583333333332,45.488878534385016
487,20240222140945,21350,21400,21350,21350,747,21400.0,21383.333333333332,21612.083333333332,45.48887853438502
488,20240222140736,21400,21450,21350,21350,637,21402.5,21385.0,21619.166666666668,45.48887853438503
489,20240222140420,21400,21500,21400,21400,760,21405.0,21386.666666666668,21625.0,51.88560793188692
490,20240222140139,21400,21500,21400,21400,1415,21405.0,21387.5,21630.416666666668,51.88560793188692
491,20240222135908,21300,21400,21300,21400,589,21402.5,21388.333333333332,21634.583333333332,51.88560793188692
492,20240222135658,21300,21350,21250,21350,1916,21397.5,21389.166666666668,21639.583333333332,45.78111997628131
493,20240222135417,21400,21400,21300,21300,1822,21390.0,21390.833333333332,21644.583333333332,38.54044663694794
494,20240222135100,21400,21400,21350,21400,1139,21387.5,21394.166666666668,21650.0,51.25145187372141
495,20240222134723,21400,21450,21400,21400,829,21382.5,21395.833333333332,21654.166666666668,51.25145187372141
496,20240222134422,21400,21450,21400,21400,724,21377.5,21397.5,21657.5,51.25145187372141
497,20240222134224,21400,21400,21400,21400,1041,21370.0,21400.0,21661.25,51.25145187372141
498,20240222133926,21450,21450,21400,21400,416,21362.5,21401.666666666668,21664.166666666668,51.25145187372141
499,20240222133647,21400,21450,21400,21450,505,21357.5,21404.166666666668,21667.083333333332,57.8356922896834
500,20240222133521,21400,21450,21400,21400,761,21352.5,21405.833333333332,21670.0,52.12447963116655
501,20240222133212,21450,21500,21400,21400,553,21352.5,21408.333333333332,21672.916666666668,52.12447963116655
502,20240222132923,21400,21450,21400,21450,477,21350.0,21410.833333333332,21675.833333333332,59.01723471469249
503,20240222132546,21450,21500,21400,21400,644,21345.0,21412.5,21678.75,53.28050225010191
504,20240222132340,21500,21500,21450,21450,2446,21342.5,21415.0,21682.083333333332,61.24059348527654
505,20240222132121,21450,21500,21400,21450,1693,21337.5,21416.666666666668,21686.25,61.240593485276534
506,20240222131827,21400,21450,21400,21450,1255,21332.5,21418.333333333332,21689.583333333332,61.240593485276534
507,20240222131612,21400,21450,21350,21400,511,21327.5,21419.166666666668,21692.916666666668,55.97434274050148
508,20240222131407,21400,21450,21350,21400,648,21327.5,21421.666666666668,21698.75,55.974342740501484
509,20240222131030,21350,21400,21300,21400,1571,21327.5,21425.0,21704.583333333332,55.974342740501484
510,20240222130736,21300,21400,21300,21350,1020,21327.5,21428.333333333332,21708.333333333332,50.60038941185017
511,20240222130537,21200,21350,21200,21300,581,21330.0,21432.5,21711.25,44.28540411820588
512,20240222130316,21250,21300,21200,21200,763,21335.0,21435.833333333332,21715.416666666668,26.94055642383394
513,20240222130032,21300,21350,21200,21250,1336,21345.0,21441.666666666668,21720.0,31.49246440469814
514,20240222125939,21300,21350,21300,21300,416,21352.5,21448.333333333332,21724.583333333332,37.352846494137
515,20240222125645,21250,21350,21250,21300,1993,21357.5,21453.333333333332,21727.916666666668,37.35284649413701
516,20240222125533,21250,21300,21250,21250,642,21362.5,21459.166666666668,21730.833333333332,25.37974554689947
517,20240222125318,21300,21350,21250,21250,2555,21372.5,21465.833333333332,21734.583333333332,25.37974554689947
518,20240222125042,21350,21400,21300,21300,2220,21382.5,21473.333333333332,21738.333333333332,30.38733268404293
519,20240222124824,21400,21400,21350,21350,1830,21392.5,21480.833333333332,21742.083333333332,37.20350239668327
520,20240222124512,21350,21400,21350,21400,769,21395.0,21487.5,21745.833333333332,46.991175056293265
521,20240222124410,21400,21400,21350,21350,477,21395.0,21493.333333333332,21749.166666666668,29.85532604328759
522,20240222124109,21350,21400,21350,21350,536,21400.0,21500.833333333332,21752.916666666668,29.85532604328759
523,20240222123828,21350,21400,21350,21350,626,21405.0,21507.5,21756.25,29.85532604328759
524,20240222123509,21350,21450,21350,21350,1747,21410.0,21515.0,21760.416666666668,29.85532604328759
525,20240222123242,21350,21450,21350,21350,691,21415.0,21523.333333333332,21765.0,29.85532604328759
526,20240222123116,21400,21400,21350,21350,842,21420.0,21532.5,21769.166666666668,29.85532604328759
527,20240222122844,21400,21450,21350,21400,1372,21422.5,21540.833333333332,21773.333333333332,37.659431040025844
528,20240222122656,21400,21400,21400,21400,611,21425.0,21549.166666666668,21777.5,37.65943104002584
529,20240222122412,21400,21450,21400,21400,543,21427.5,21557.5,21781.25,37.65943104002584
530,20240222122040,21400,21400,21400,21400,664,21430.0,21566.666666666668,21785.0,37.65943104002584
531,20240222121936,21400,21450,21400,21400,398,21432.5,21577.5,21789.166666666668,37.65943104002584
532,20240222121639,21400,21450,21350,21400,693,21435.0,21588.333333333332,21792.5,37.65943104002584
533,20240222121321,21400,21400,21350,21400,967,21437.5,21600.0,21796.25,37.65943104002584
534,20240222121125,21400,21500,21400,21400,1720,21442.5,21611.666666666668,21800.0,37.65943104002584
535,20240222120901,21450,21500,21400,21400,394,21447.5,21624.166666666668,21803.333333333332,37.659431040025844
536,20240222120612,21450,21500,21400,21450,1128,21452.5,21640.0,21807.083333333332,43.49492651290114
537,20240222120405,21500,21550,21450,21450,762,21457.5,21657.5,21810.416666666668,43.49492651290114
538,20240222120223,21400,21500,21400,21500,973,21460.0,21675.833333333332,21812.916666666668,50.20240232408884
539,20240222115857,21400,21450,21350,21400,1018,21462.5,21696.666666666668,21815.416666666668,30.21683448499435
540,20240222115624,21450,21550,21400,21400,9172,21470.0,21719.166666666668,21819.166666666668,30.21683448499435
541,20240222115433,21450,21500,21450,21450,751,21477.5,21741.666666666668,21822.916666666668,36.538991787723894
542,20240222115139,21450,21500,21450,21450,1392,21482.5,21760.833333333332,21826.25,36.538991787723894
543,20240222115022,21450,21500,21450,21450,593,21487.5,21778.333333333332,21830.0,36.538991787723894
544,20240222114729,21450,21450,21450,21450,871,21492.5,21794.166666666668,21833.75,36.538991787723894
545,20240222114448,21400,21450,21400,21450,831,21497.5,21810.833333333332,21837.916666666668,36.538991787723894
546,20240222114342,21450,21500,21400,21400,863,21502.5,21826.666666666668,21841.666666666668,25.825024201794292
547,20240222114121,21450,21500,21400,21450,1133,21507.5,21840.833333333332,21846.666666666668,30.626254845074243
548,20240222114000,21450,21450,21450,21450,422,21512.5,21853.333333333332,21851.25,30.626254845074243
549,20240222113548,21450,21550,21450,21450,940,21520.0,21863.333333333332,21855.416666666668,30.626254845074243
550,20240222113334,21450,21500,21450,21450,970,21527.5,21873.333333333332,21860.416666666668,30.626254845074243
551,20240222113138,21450,21500,21450,21450,822,21535.0,21880.833333333332,21866.25,30.626254845074243
552,20240222113002,21500,21500,21450,21450,1265,21537.5,21890.0,21872.083333333332,30.626254845074243
553,20240222112914,21500,21550,21500,21500,2116,21542.5,21898.333333333332,21877.916666666668,34.77016665373469
554,20240222112620,21500,21550,21500,21500,883,21550.0,21905.833333333332,21883.333333333332,34.77016665373469
555,20240222112354,21500,21550,21500,21500,876,21555.0,21912.5,21888.75,34.77016665373469
556,20240222112206,21500,21550,21500,21550,993,21562.5,21917.5,21894.166666666668,38.99458439615666
557,20240222111906,21550,21550,21500,21500,689,21567.5,21922.5,21899.166666666668,31.236925319466792
558,20240222111824,21550,21600,21550,21550,634,21577.5,21926.666666666668,21905.0,35.419241618336
559,20240222111529,21550,21600,21500,21550,971,21587.5,21930.0,21910.833333333332,35.41924161833602
560,20240222111300,21550,21550,21550,21550,582,21597.5,21934.166666666668,21917.083333333332,35.41924161833602
561,20240222111114,21550,21600,21550,21550,944,21607.5,21937.5,21922.916666666668,35.41924161833602
562,20240222110815,21550,21650,21550,21550,1978,21620.0,21940.833333333332,21929.166666666668,35.41924161833603
563,20240222110714,21550,21600,21550,21550,620,21630.0,21945.0,21935.416666666668,35.41924161833603
564,20240222110443,21550,21600,21550,21550,995,21642.5,21949.166666666668,21941.666666666668,35.41924161833603
565,20240222110106,21500,21600,21500,21550,1106,21657.5,21955.833333333332,21947.916666666668,35.41924161833603
566,20240222105905,21550,21600,21500,21500,2169,21675.0,21960.833333333332,21954.166666666668,30.25785452369162
567,20240222105729,21600,21650,21500,21550,5518,21692.5,21966.666666666668,21960.833333333332,32.683378373254584
568,20240222105538,21600,21650,21550,21600,964,21710.0,21975.833333333332,21967.083333333332,35.31184943146407
569,20240222105311,21600,21650,21550,21600,1574,21725.0,21984.166666666668,21973.333333333332,35.31184943146407
570,20240222105010,21500,21650,21500,21600,3027,21742.5,21988.333333333332,21979.583333333332,35.311849431464054
571,20240222104706,21600,21600,21500,21500,6055,21765.0,21990.0,21985.833333333332,25.74982915055412
572,20240222104432,21650,21650,21500,21550,4250,21792.5,21995.0,21992.916666666668,27.64724304722
573,20240222104306,21600,21700,21550,21650,7378,21820.0,21998.333333333332,21999.583333333332,32.03049795621892
574,20240222104000,21650,21700,21600,21600,5915,21842.5,22000.833333333332,22005.416666666668,26.62979956961128
575,20240222103818,21650,21700,21600,21650,2419,21870.0,22002.5,22011.666666666668,28.751118127401995
576,20240222103808,21700,21750,21650,21650,2939,21905.0,22002.5,22017.5,28.751118127401995
577,20240222103543,21750,21750,21700,21700,2305,21947.5,22003.333333333332,22023.333333333332,30.871564356151424
578,20240222103512,21750,21750,21750,21750,523,21990.0,22003.333333333332,22028.75,33.14119959513695
579,20240222103213,21750,21800,21750,21750,2134,22040.0,22003.333333333332,22033.75,33.14119959513695
580,20240222103103,21800,21800,21750,21750,613,22090.0,22004.166666666668,22039.166666666668,33.14119959513695
581,20240222102757,21750,21850,21750,21800,2215,22140.0,22005.0,22044.166666666668,35.21400635807311
582,20240222102614,21800,21850,21700,21750,9446,22180.0,22005.0,22049.166666666668,31.219420698180514
583,20240222102456,21850,21950,21800,21800,1452,22217.5,22005.0,22054.583333333332,33.115410857068554
584,20240222102114,21850,21950,21850,21850,1790,22247.5,22005.833333333332,22059.583333333332,35.09450124743209
585,20240222101952,22000,22000,21800,21900,3026,22277.5,22006.666666666668,22064.583333333332,37.15648592075008
586,20240222101712,21900,21900,21800,21850,2624,22302.5,22005.833333333332,22069.166666666668,33.52998800757692
587,20240222101403,21900,22000,21850,21900,4654,22322.5,22005.833333333332,22074.166666666668,35.4284155066435
588,20240222101336,21950,21950,21900,21900,781,22337.5,22005.833333333332,22078.75,35.4284155066435
589,20240222101128,22050,22050,21900,21950,5139,22345.0,22005.0,22083.75,37.246775785458105
590,20240222101000,22050,22050,22050,22050,557,22350.0,22003.333333333332,22087.916666666668,41.17111107766466
591,20240222100751,22100,22100,22000,22050,3307,22342.5,22000.833333333332,22091.666666666668,41.17111107766466
592,20240222100458,22050,22100,22000,22100,1479,22340.0,21996.666666666668,22095.416666666668,43.13022543424889
593,20240222100247,22200,22200,22050,22100,1869,22332.5,21992.5,22099.583333333332,43.130225434248885
594,20240222100015,22400,22450,22150,22150,5657,22325.0,21988.333333333332,22103.75,44.975556879914
595,20240222095903,22500,22500,22350,22350,1974,22312.5,21982.5,22107.083333333332,53.473331412499824
596,20240222095742,22550,22650,22450,22500,3710,22285.0,21974.166666666668,22109.166666666668,61.57575577728824
597,20240222095628,22750,22800,22550,22550,3976,22252.5,21963.333333333332,22110.416666666668,64.60575862270224
598,20240222095541,22750,22800,22600,22750,3032,22212.5,21950.0,22110.0,79.05471054961795
599,20240222095519,22700,22750,22650,22750,998,22162.5,21934.166666666668,22108.333333333332,79.05471054961795
600,20240222095433,22650,22750,22600,22750,4182,22115.0,21919.166666666668,22106.666666666668,79.05471054961795
601,20240222095327,22500,22600,22450,22600,3991,22065.0,21904.166666666668,22104.583333333332,75.80540384746986
602,20240222095218,22400,22500,22350,22500,5461,22022.5,21891.666666666668,22103.333333333332,73.23503743341449
603,20240222095136,22450,22550,22400,22400,3397,21987.5,21881.666666666668,22103.333333333332,70.30573242095367
604,20240222095022,22400,22500,22350,22450,5610,21957.5,21873.333333333332,22104.166666666668,74.06949900879182
605,20240222094841,22250,22450,22200,22400,5536,21932.5,21865.0,22104.583333333332,72.71305399394849
606,20240222094725,22150,22250,22150,22250,1783,21905.0,21856.666666666668,22105.0,68.05843611663339
607,20240222094504,22050,22250,22050,22200,5240,21885.0,21852.5,22107.5,66.27795631938497
608,20240222094341,22100,22150,22050,22050,4941,21880.0,21849.166666666668,22110.0,60.07899524690158
609,20240222094115,21900,22050,21900,22050,2288,21882.5,21847.5,22114.166666666668,60.07899524690157
610,20240222093756,21900,22000,21850,21900,2413,21872.5,21847.5,22118.333333333332,52.55957768743655
611,20240222093716,21950,22000,21900,22000,1580,21862.5,21851.666666666668,22123.75,59.49706747816605
612,20240222093413,21950,22050,21850,21950,2708,21852.5,21854.166666666668,22128.333333333332,56.85290996966345
613,20240222093338,21950,22000,21950,21950,2571,21842.5,21857.5,22133.333333333332,56.85290996966346
614,20240222093036,21800,22000,21800,21900,2787,21835.0,21860.833333333332,22137.916666666668,54.27928978102413
615,20240222092926,21850,21850,21800,21800,758,21825.0,21865.0,22142.916666666668,48.583694471651434
616,20240222092651,21750,21850,21750,21850,875,21817.5,21870.833333333332,22149.166666666668,51.56616609115378
617,20240222092312,21750,21850,21700,21750,4064,21810.0,21875.833333333332,22155.0,45.333848187177374
618,20240222091953,21800,21900,21750,21750,2538,21807.5,21883.333333333332,22162.083333333332,45.333848187177374
619,20240222091704,21750,21900,21600,21800,6986,21807.5,21891.666666666668,22168.333333333332,47.99647778610041
620,20240222091533,21750,21850,21600,21750,2839,21807.5,21900.0,22173.75,44.99667700306285
621,20240222091309,21800,21900,21650,21750,4557,21810.0,21908.333333333332,22179.166666666668,44.99667700306286
622,20240222091058,21800,21950,21800,21800,1673,21812.5,21917.5,22185.0,47.35187525737816
623,20240222090918,21900,21900,21800,21800,1434,21810.0,21925.833333333332,22190.0,47.35187525737816
624,20240222090543,21850,22050,21800,21950,3304,21812.5,21934.166666666668,22194.583333333332,54.76698828791791
625,20240222090450,21850,21850,21750,21850,3052,21810.0,21940.0,22198.333333333332,49.911379100152125
626,20240222090227,22100,22150,21800,21850,10852,21810.0,21947.5,22202.5,49.911379100152125
627,20240222090145,22100,22150,21950,22100,3303,21810.0,21955.0,22206.666666666668,64.93783975783812
628,20240222090013,22000,22200,21950,22100,7107,21800.0,21958.333333333332,22208.75,64.93783975783813
629,20240221151629,21700,21850,21700,21850,6534,21787.5,21962.5,22210.833333333332,52.64494715310072
630,20240221151347,21850,21850,21700,21700,2155,21787.5,21970.833333333332,22215.0,41.14929368185943
631,20240221151006,21800,21800,21650,21800,2872,21797.5,21981.666666666668,22220.416666666668,48.426693052130794
632,20240221150541,21800,21850,21700,21750,2147,21797.5,21990.833333333332,22225.0,43.81315865617983
633,20240221150316,21700,21850,21650,21800,3605,21802.5,22000.833333333332,22230.0,47.782246033649876
634,20240221150001,21600,21800,21600,21700,2764,21805.0,22010.0,22234.583333333332,37.22010410444617
635,20240221145904,21700,21750,21600,21650,1997,21810.0,22020.833333333332,22240.0,30.71327887486639
636,20240221145709,21650,21750,21650,21700,1646,21820.0,22032.5,22245.833333333332,33.983957054962886
637,20240221145605,21750,21800,21550,21700,10078,21827.5,22043.333333333332,22251.25,33.983957054962886
638,20240221145418,21800,21850,21750,21750,1588,21830.0,22054.166666666668,22256.666666666668,37.41989078930041
639,20240221145242,21800,21850,21800,21800,904,21832.5,22064.166666666668,22261.25,41.296966689937165
640,20240221145154,21800,21850,21750,21800,477,21835.0,22074.166666666668,22265.833333333332,41.296966689937165
641,20240221145039,21750,21850,21750,21800,583,21837.5,22083.333333333332,22270.0,41.296966689937165
642,20240221144903,21850,21950,21750,21750,1986,21840.0,22093.333333333332,22274.583333333332,35.98667838325527
643,20240221144814,21900,22000,21850,21850,331,21847.5,22104.166666666668,22279.583333333332,43.25309027037088
644,20240221144657,21850,22000,21800,21900,1156,21850.0,22113.333333333332,22283.75,47.72746027479594
645,20240221144524,21850,21950,21800,21850,898,21852.5,22122.5,22287.5,42.172733050571665
646,20240221144448,21900,21900,21850,21850,527,21855.0,22132.5,22291.666666666668,42.17273305057167
647,20240221144247,21850,21900,21800,21900,1285,21862.5,22142.5,22295.833333333332,46.4266296151822
648,20240221144145,21850,21950,21800,21850,777,21867.5,22151.666666666668,22299.166666666668,40.89019715574378
649,20240221144125,21900,21950,21800,21850,772,21872.5,22162.5,22302.916666666668,40.89019715574378
650,20240221144003,21850,21900,21750,21900,3278,21882.5,22172.5,22307.083333333332,44.890229426732006
651,20240221143838,21850,21900,21800,21800,4035,21895.0,22182.5,22310.833333333332,32.65559066387867
652,20240221143734,21800,21900,21800,21850,1014,21912.5,22194.166666666668,22316.25,36.40833219955546
653,20240221143622,21850,21950,21800,21850,1672,21927.5,22206.666666666668,22320.0,36.40833219955546
654,20240221143456,21800,21900,21800,21800,1276,21942.5,22219.166666666668,22324.166666666668,29.414106183797784
655,20240221143400,21850,21850,21750,21850,4204,21960.0,22231.666666666668,22328.75,32.759884185635954
656,20240221143306,21750,21850,21700,21850,4882,21975.0,22244.166666666668,22333.333333333332,32.759884185635954
657,20240221143227,21800,21850,21750,21750,4551,21990.0,22257.5,22337.916666666668,16.351761517427235
658,20240221143049,21850,21950,21800,21800,3986,22012.5,22270.0,22342.916666666668,18.44106626305961
659,20240221142942,21850,21950,21800,21850,3592,22035.0,22282.5,22347.5,20.92355987052393
660,20240221142820,21850,21900,21800,21850,3719,22057.5,22294.166666666668,22352.083333333332,20.92355987052393
661,20240221142709,21900,21950,21800,21850,6121,22077.5,22305.0,22356.25,20.92355987052393
662,20240221142641,21900,21950,21900,21900,501,22100.0,22315.0,22360.833333333332,23.451186230547336
663,20240221142525,21900,22050,21900,21900,3816,22120.0,22325.0,22364.583333333332,23.451186230547336
664,20240221142419,21900,21950,21800,21950,9538,22140.0,22335.0,22367.916666666668,26.177922330655704
665,20240221142300,22000,22050,21900,21900,3715,22157.5,22344.166666666668,22370.833333333332,17.242825494584622
666,20240221142100,22000,22050,21950,22000,3008,22177.5,22353.333333333332,22374.166666666668,22.242502671680285
667,20240221141951,21950,22100,21950,22000,5410,22192.5,22362.5,22377.083333333332,22.242502671680285
668,20240221141939,22050,22100,21950,21950,7220,22207.5,22370.833333333332,22380.0,11.1335826538198
669,20240221141735,22150,22250,22050,22050,7437,22227.5,22380.833333333332,22383.333333333332,15.154390920848698
670,20240221141612,22150,22200,22150,22150,1986,22242.5,22389.166666666668,22385.833333333332,22.800437083002976
671,20240221141543,22150,22200,22150,22150,728,22252.5,22395.833333333332,22387.5,22.800437083002976
672,20240221141417,22150,22200,22150,22150,498,22262.5,22402.5,22389.583333333332,22.800437083002976
673,20240221141233,22150,22200,22150,22150,1174,22272.5,22409.166666666668,22391.25,22.800437083002976
674,20240221141114,22200,22200,22150,22150,764,22282.5,22415.0,22393.333333333332,22.800437083002976
675,20240221140854,22150,22200,22150,22150,995,22292.5,22420.833333333332,22395.0,22.800437083002976
676,20240221140808,22200,22200,22150,22150,930,22302.5,22427.5,22396.666666666668,22.800437083002976
677,20240221140553,22250,22300,22200,22200,16770,22312.5,22434.166666666668,22398.333333333332,26.829327305358092
678,20240221140515,22300,22350,22250,22250,356,22320.0,22440.833333333332,22400.0,32.095596132235926
679,20240221140444,22300,22300,22300,22300,300,22325.0,22445.0,22401.25,39.24949166807457
680,20240221140404,22300,22350,22250,22250,1842,22330.0,22447.5,22402.083333333332,23.39420548022575
681,20240221140226,22300,22350,22300,22300,856,22335.0,22450.0,22403.333333333332,30.877244789656032
682,20240221140136,22300,22350,22300,22300,206,22340.0,22452.5,22405.0,30.877244789656032
683,20240221140103,22300,22350,22300,22300,421,22345.0,22454.166666666668,22405.833333333332,30.877244789656032
684,20240221140044,22300,22300,22300,22300,273,22350.0,22455.0,22407.083333333332,30.877244789656032
685,20240221135918,22300,22350,22300,22300,503,22357.5,22456.666666666668,22407.916666666668,30.877244789656032
686,20240221135758,22300,22350,22300,22300,509,22365.0,22457.5,22409.583333333332,30.877244789656032
687,20240221135739,22350,22350,22300,22300,231,22372.5,22458.333333333332,22411.666666666668,30.877244789656032
688,20240221135714,22350,22400,22300,22350,825,22380.0,22459.166666666668,22414.583333333332,38.139095823138646
689,20240221135623,22350,22400,22350,22350,250,22387.5,22459.166666666668,22416.25,38.13909582313863
690,20240221135454,22350,22400,22350,22350,478,22392.5,22459.166666666668,22418.75,38.13909582313863
691,20240221135435,22350,22400,22350,22350,248,22400.0,22459.166666666668,22420.833333333332,38.139095823138646
692,20240221135314,22400,22450,22350,22350,636,22407.5,22459.166666666668,22423.333333333332,38.139095823138646
693,20240221135129,22350,22450,22350,22350,821,22420.0,22459.166666666668,22425.833333333332,38.139095823138646
694,20240221135042,22350,22400,22350,22350,248,22432.5,22459.166666666668,22428.75,38.139095823138646
695,20240221135019,22350,22350,22350,22350,221,22442.5,22459.166666666668,22432.083333333332,38.13909582313865
696,20240221134858,22350,22400,22350,22350,841,22455.0,22459.166666666668,22435.416666666668,38.13909582313865
697,20240221134746,22350,22400,22350,22350,246,22470.0,22459.166666666668,22437.5,38.13909582313865
698,20240221134704,22400,22400,22350,22350,256,22477.5,22459.166666666668,22440.0,38.13909582313865
699,20240221134540,22350,22550,22350,22400,476,22487.5,22458.333333333332,22443.333333333332,42.56986983873247
700,20240221134425,22400,22450,22350,22350,703,22495.0,22457.5,22446.25,35.62540051309037
701,20240221134326,22400,22600,22400,22400,3336,22502.5,22456.666666666668,22449.583333333332,40.131490611344795
702,20240221134245,22450,22450,22400,22400,366,22505.0,22455.833333333332,22452.916666666668,40.131490611344795
703,20240221134155,22450,22450,22400,22400,386,22510.0,22455.0,22456.25,40.1314906113448
704,20240221134114,22450,22500,22400,22450,613,22515.0,22454.166666666668,22460.0,44.653617141969825
705,20240221133956,22450,22600,22450,22450,308,22517.5,22452.5,22463.333333333332,44.65361714196983
706,20240221133856,22450,22600,22450,22450,411,22517.5,22450.833333333332,22466.25,44.653617141969825
707,20240221133803,22500,22650,22450,22450,429,22522.5,22449.166666666668,22469.166666666668,44.653617141969825
708,20240221133648,22450,22550,22450,22500,385,22525.0,22446.666666666668,22472.5,48.73656261938564
709,20240221133604,22450,22550,22450,22450,250,22527.5,22443.333333333332,22475.833333333332,43.98021377063118
710,20240221133546,22500,22500,22500,22500,1657,22532.5,22441.666666666668,22480.0,48.12656573789475
711,20240221133359,22650,22650,22500,22500,215,22535.0,22439.166666666668,22483.75,48.12656573789475
712,20240221133251,22600,22650,22500,22600,1405,22537.5,22438.333333333332,22487.5,57.47010586179525
713,20240221133232,22550,22650,22500,22600,352,22535.0,22433.333333333332,22490.833333333332,57.47010586179525
714,20240221133150,22600,22650,22550,22550,228,22530.0,22429.166666666668,22494.166666666668,53.585168716752534
715,20240221133040,22600,22650,22550,22600,458,22527.5,22425.833333333332,22497.916666666668,58.551591852931004
716,20240221132907,22500,22650,22500,22650,786,22525.0,22422.5,22501.25,64.06521002053523
717,20240221132853,22550,22600,22500,22500,342,22520.0,22418.333333333332,22504.166666666668,51.28662483019036
718,20240221132749,22550,22600,22550,22550,857,22525.0,22415.833333333332,22508.333333333332,57.62983497638759
719,20240221132626,22500,22650,22500,22550,1548,22522.5,22412.5,22512.083333333332,57.62983497638759
720,20240221132528,22500,22550,22500,22500,441,22517.5,22410.0,22515.833333333332,52.5719247865866
721,20240221132516,22500,22500,22450,22450,191,22512.5,22407.5,22520.416666666668,46.65922855960681
722,20240221132400,22500,22550,22450,22500,600,22512.5,22406.666666666668,22525.833333333332,52.76771592200986
723,20240221132314,22500,22500,22450,22500,260,22507.5,22404.166666666668,22530.833333333332,52.76771592200985
724,20240221132208,22450,22550,22450,22500,513,22500.0,22400.833333333332,22535.416666666668,52.76771592200986
725,20240221132141,22550,22550,22450,22450,354,22495.0,22397.5,22539.583333333332,47.237139355692555
726,20240221132026,22500,22550,22500,22550,1708,22490.0,22395.0,22544.166666666668,60.363764745704
727,20240221131924,22550,22600,22500,22500,2526,22480.0,22391.666666666668,22548.333333333332,54.492404742078996
728,20240221131830,22550,22600,22550,22550,893,22472.5,22389.166666666668,22551.666666666668,63.18328650283895
729,20240221131726,22550,22600,22550,22550,936,22462.5,22385.833333333332,22555.416666666668,63.18328650283895
730,20240221131556,22550,22600,22550,22550,502,22452.5,22382.5,22559.166666666668,63.18328650283895
731,20240221131523,22550,22600,22550,22550,339,22442.5,22379.166666666668,22563.75,63.18328650283895
732,20240221131358,22500,22650,22500,22550,903,22432.5,22376.666666666668,22568.75,63.18328650283895
733,20240221131258,22550,22600,22500,22500,605,22422.5,22373.333333333332,22573.75,58.62805575157512
734,20240221131126,22550,22600,22500,22500,673,22415.0,22371.666666666668,22579.166666666668,58.628055751575125
735,20240221131045,22550,22600,22550,22550,440,22407.5,22369.166666666668,22584.166666666668,65.62963458685908
736,20240221130932,22600,22650,22500,22550,5965,22397.5,22365.833333333332,22588.75,65.62963458685908
737,20240221130805,22550,22650,22500,22600,2279,22387.5,22362.5,22594.166666666668,73.16345629042637
738,20240221130705,22450,22550,22450,22500,1623,22375.0,22359.166666666668,22599.583333333332,65.89209532284833
739,20240221130551,22400,22500,22400,22450,432,22365.0,22357.5,22606.25,60.98394574008321
740,20240221130456,22400,22450,22400,22400,288,22360.0,22356.666666666668,22612.5,54.96647465529712
741,20240221130358,22400,22500,22350,22450,315,22355.0,22356.666666666668,22620.0,64.15427584876062
742,20240221130302,22350,22450,22350,22400,380,22350.0,22357.5,22627.5,57.56831220338521
743,20240221130151,22400,22450,22350,22350,275,22347.5,22357.5,22634.583333333332,48.840059344233794
744,20240221130056,22350,22450,22350,22400,459,22347.5,22359.166666666668,22642.5,60.37152386886557
745,20240221125950,22350,22400,22350,22350,534,22345.0,22359.166666666668,22649.583333333332,49.24359125580322
746,20240221125904,22350,22400,22350,22350,360,22345.0,22361.666666666668,22657.5,49.24359125580322
747,20240221125816,22350,22400,22300,22350,326,22345.0,22365.0,22665.833333333332,49.24359125580321
748,20240221125642,22350,22400,22350,22350,329,22342.5,22370.0,22675.833333333332,49.24359125580321
749,20240221125615,22350,22400,22350,22350,205,22340.0,22373.333333333332,22685.0,49.24359125580322
750,20240221125528,22350,22400,22350,22350,173,22340.0,22378.333333333332,22694.583333333332,49.24359125580322
751,20240221125407,22350,22400,22350,22350,617,22340.0,22382.5,22705.0,49.24359125580322
752,20240221125246,22350,22400,22350,22350,271,22345.0,22387.5,22715.416666666668,49.24359125580322
753,20240221125233,22350,22350,22350,22350,236,22342.5,22392.5,22725.416666666668,49.24359125580322
754,20240221125119,22350,22400,22350,22350,345,22342.5,22398.333333333332,22735.833333333332,49.24359125580322
755,20240221125011,22350,22400,22350,22350,321,22342.5,22405.0,22745.833333333332,49.24359125580322
756,20240221124856,22350,22400,22350,22350,655,22345.0,22411.666666666668,22755.833333333332,49.24359125580322
757,20240221124830,22300,22450,22300,22350,106,22347.5,22415.833333333332,22766.25,49.24359125580322
758,20240221124617,22350,22400,22300,22300,726,22347.5,22420.833333333332,22775.416666666668,43.15214662657476
759,20240221124517,22300,22350,22300,22350,711,22350.0,22428.333333333332,22785.0,48.564184564607075
760,20240221124212,22350,22400,22300,22300,707,22352.5,22435.0,22793.75,41.784448975056236
761,20240221124056,22350,22400,22350,22350,672,22355.0,22442.5,22802.916666666668,47.61188967129362
762,20240221123802,22350,22450,22350,22350,307,22357.5,22450.0,22811.666666666668,47.611889671293625
763,20240221123558,22350,22400,22300,22350,381,22357.5,22457.5,22820.833333333332,47.61188967129362
764,20240221123424,22350,22450,22300,22350,259,22355.0,22465.833333333332,22830.416666666668,47.611889671293625
765,20240221123204,22350,22400,22350,22350,311,22352.5,22474.166666666668,22839.583333333332,47.611889671293625
766,20240221123046,22300,22400,22300,22350,555,22350.0,22481.666666666668,22848.333333333332,47.611889671293625
767,20240221122906,22300,22350,22300,22300,444,22350.0,22489.166666666668,22857.916666666668,42.46835235604466
768,20240221122642,22350,22400,22300,22300,608,22352.5,22498.333333333332,22866.666666666668,42.46835235604466
769,20240221122400,22350,22400,22300,22350,495,22355.0,22508.333333333332,22875.416666666668,46.396077213130475
770,20240221122135,22350,22450,22350,22350,479,22355.0,22518.333333333332,22883.75,46.396077213130475
771,20240221121952,22300,22450,22300,22450,6159,22355.0,22528.333333333332,22892.083333333332,55.19997894122361
772,20240221121752,22350,22400,22300,22300,969,22352.5,22536.666666666668,22899.583333333332,39.10541702439936
773,20240221121621,22350,22450,22300,22350,521,22355.0,22548.333333333332,22909.583333333332,43.99786994731599
774,20240221121519,22400,22400,22300,22350,1491,22357.5,22559.166666666668,22918.75,43.99786994731599
775,20240221121304,22400,22450,22350,22400,1266,22357.5,22570.0,22927.083333333332,49.31804908132996
776,20240221121021,22350,22450,22350,22400,938,22355.0,22580.0,22934.583333333332,49.31804908132996
777,20240221120858,22350,22400,22350,22350,311,22352.5,22590.0,22942.916666666668,43.41879002943072
778,20240221120719,22400,22450,22350,22350,609,22355.0,22600.833333333332,22952.083333333332,43.41879002943071
779,20240221120520,22350,22450,22350,22400,1270,22357.5,22611.666666666668,22961.666666666668,48.262580096134734
780,20240221120403,22400,22400,22350,22350,560,22357.5,22621.666666666668,22971.25,42.28367618787912
781,20240221120142,22350,22400,22300,22400,860,22360.0,22633.333333333332,22981.25,47.36647852994739
782,20240221120030,22300,22350,22250,22350,797,22365.0,22645.0,22990.833333333332,40.753304833100195
783,20240221115853,22300,22350,22250,22300,2593,22367.5,22657.5,23000.833333333332,32.92794266177785
784,20240221115804,22300,22350,22300,22300,1119,22375.0,22670.0,23011.25,32.92794266177785
785,20240221115715,22350,22400,22300,22300,1208,22380.0,22681.666666666668,23022.083333333332,32.92794266177785
786,20240221115448,22350,22400,22300,22350,1714,22390.0,22693.333333333332,23032.083333333332,36.821912749094096
787,20240221115413,22350,22400,22350,22350,252,22400.0,22705.0,23041.666666666668,36.82191274909409
788,20240221115221,22350,22400,22300,22350,1235,22415.0,22714.166666666668,23051.666666666668,36.82191274909409
789,20240221115122,22350,22400,22350,22350,3087,22425.0,22725.0,23060.833333333332,36.821912749094096
790,20240221115004,22400,22450,22350,22350,878,22440.0,22735.833333333332,23070.0,36.821912749094096
791,20240221114807,22350,22450,22350,22400,643,22452.5,22748.333333333332,23079.583333333332,40.09530556479483
792,20240221114651,22400,22450,22350,22350,820,22465.0,22760.833333333332,23087.916666666668,34.705356623536204
793,20240221114441,22350,22500,22350,22400,1058,22480.0,22774.166666666668,23097.083333333332,37.86928160055451
794,20240221114331,22350,22400,22350,22350,396,22495.0,22786.666666666668,23105.416666666668,32.123278738452015
795,20240221114135,22400,22450,22350,22350,975,22515.0,22799.166666666668,23114.166666666668,32.123278738452015
796,20240221113954,22400,22450,22350,22350,387,22535.0,22811.666666666668,23122.916666666668,32.123278738452
797,20240221113910,22400,22450,22400,22400,280,22547.5,22825.833333333332,23131.666666666668,34.69211351081282
798,20240221113737,22400,22500,22400,22400,1810,22560.0,22840.0,23140.0,34.69211351081282
799,20240221113646,22400,22450,22400,22400,847,22577.5,22855.0,23148.333333333332,34.69211351081282
800,20240221113454,22450,22450,22350,22400,3420,22595.0,22868.333333333332,23156.25,34.69211351081282
801,20240221113238,22400,22500,22400,22500,1329,22612.5,22883.333333333332,23164.166666666668,39.373953801202354
802,20240221113154,22450,22500,22400,22400,945,22627.5,22897.5,23171.25,30.688181364740586
803,20240221113024,22400,22450,22400,22450,2390,22647.5,22911.666666666668,23179.166666666668,32.874932666239346
804,20240221112916,22500,22500,22400,22400,2370,22667.5,22925.833333333332,23187.083333333332,28.118742340194814
805,20240221112900,22550,22550,22500,22500,2132,22690.0,22940.0,23193.75,32.379535111218985
806,20240221112708,22650,22650,22550,22550,688,22705.0,22953.333333333332,23200.416666666668,34.82990793683449
807,20240221112522,22550,22700,22550,22650,715,22717.5,22966.666666666668,23205.416666666668,40.52544470772134
808,20240221112339,22650,22650,22500,22550,1454,22727.5,22981.666666666668,23208.333333333332,29.877810633034173
809,20240221112153,22600,22650,22550,22650,1312,22745.0,22996.666666666668,23213.333333333332,35.835053202344724
810,20240221111959,22600,22700,22550,22600,1434,22760.0,23010.833333333332,23217.083333333332,29.289178008122676
811,20240221111836,22650,22700,22600,22650,410,22777.5,23027.5,23222.083333333332,32.35406177680933
812,20240221111549,22700,22750,22550,22650,6933,22792.5,23043.333333333332,23226.25,32.35406177680933
813,20240221111430,22750,22800,22700,22700,899,22810.0,23058.333333333332,23230.416666666668,35.56279284175781
814,20240221111248,22750,22850,22650,22750,3270,22825.0,23073.333333333332,23234.166666666668,39.170021155914014
815,20240221111115,22700,22750,22600,22750,3889,22837.5,23086.666666666668,23237.916666666668,39.170021155914014
816,20240221111049,22650,22700,22600,22600,1017,22850.0,23100.0,23241.666666666668,17.532163432918367
817,20240221110956,22750,22750,22650,22650,1017,22870.0,23116.666666666668,23246.666666666668,19.701292399723883
818,20240221110742,22750,22850,22700,22750,2747,22887.5,23130.0,23250.416666666668,25.57848624053139
819,20240221110654,22750,22800,22650,22750,1548,22900.0,23141.666666666668,23253.75,25.57848624053139
820,20240221110520,22750,22850,22700,22750,2665,22912.5,23152.5,23257.916666666668,25.57848624053139
821,20240221110342,22800,22900,22800,22800,1529,22927.5,23163.333333333332,23262.916666666668,29.047445486082637
822,20240221110333,22850,22900,22800,22800,2443,22942.5,23173.333333333332,23267.5,29.047445486082637
823,20240221110138,22850,22900,22750,22850,3217,22957.5,23184.166666666668,23271.666666666668,32.893997877136144
824,20240221110056,22800,22900,22400,22850,17042,22967.5,23195.0,,32.893997877136144
825,20240221105956,22800,22900,22800,22800,3244,22975.0,23205.0,,24.24410400368562
826,20240221105933,22850,22850,22800,22800,402,22985.0,23215.0,,24.244104003685635
827,20240221105753,22900,23000,22800,22850,10686,22997.5,23226.666666666668,,27.27557926735436
828,20240221105648,22950,23050,22900,22900,309,23000.0,23235.0,,30.85850764046205
829,20240221105617,22950,23000,22950,22950,232,23005.0,23242.5,,35.14546039097971
830,20240221105510,22950,23000,22900,22950,1478,23007.5,23249.166666666668,,35.14546039097971
831,20240221105356,23000,23050,22950,22950,1246,23015.0,23255.833333333332,,35.14546039097971
832,20240221105240,23000,23150,22950,23000,2646,23025.0,23262.5,,39.54390676140005
833,20240221105206,23000,23050,22950,23000,491,23032.5,23270.833333333332,,39.54390676140005
834,20240221105103,23050,23100,23000,23000,2835,23040.0,23278.333333333332,,39.54390676140005
835,20240221104932,23000,23000,22950,23000,2083,23045.0,23284.166666666668,,39.54390676140005
836,20240221104901,23000,23050,23000,23000,696,23050.0,23289.166666666668,,39.54390676140005
837,20240221104822,23000,23050,23000,23000,479,23060.0,23295.833333333332,,39.54390676140005
838,20240221104634,23000,23100,23000,23000,1021,23072.5,23303.333333333332,,39.54390676140006
839,20240221104548,23050,23100,23000,23000,1236,23087.5,23311.666666666668,,39.54390676140006
840,20240221104458,23100,23100,23050,23050,1553,23097.5,23320.833333333332,,42.482668565931654
841,20240221104346,23100,23150,23100,23100,410,23110.0,23329.166666666668,,45.631620423902724
842,20240221104218,23050,23150,23050,23100,1037,23122.5,23336.666666666668,,45.631620423902724
843,20240221104145,23000,23200,23000,23050,1314,23130.0,23344.166666666668,,41.919562502982245
844,20240221104106,23000,23100,23000,23000,371,23142.5,23352.5,,37.98805581360806
845,20240221103907,23050,23100,22950,23000,838,23155.0,23362.5,,37.98805581360806
846,20240221103810,22900,23100,22900,23050,6518,23170.0,23370.833333333332,,40.34269680017035
847,20240221103808,23000,23000,22850,22900,7612,23185.0,23378.333333333332,,27.891861526429793
848,20240221103713,23000,23050,23000,23000,7280,23217.5,23389.166666666668,,32.03011869188154
849,20240221103604,23100,23150,23000,23000,3514,23240.0,23396.666666666668,,32.03011869188154
850,20240221103450,23100,23200,23100,23100,5224,23265.0,23404.166666666668,,36.728816850889764
851,20240221103429,23150,23200,23100,23150,1003,23290.0,23410.833333333332,,39.41321003756098
852,20240221103326,23150,23200,23100,23150,1451,23312.5,23415.0,,39.41321003756098
853,20240221103159,23150,23200,23150,23150,1750,23332.5,23420.0,,39.41321003756098
854,20240221103122,23100,23150,23100,23100,2755,23355.0,23424.166666666668,,35.64746604852
855,20240221103058,23200,23200,23100,23100,2120,23377.5,23429.166666666668,,35.64746604852
856,20240221103031,23250,23250,23200,23200,5274,23400.0,23434.166666666668,,39.92704062672024
857,20240221102848,23300,23350,23250,23250,3208,23420.0,23437.5,,42.283892084696724
858,20240221102758,23200,23350,23200,23300,1684,23430.0,23440.0,,44.73598791636179
859,20240221102718,23250,23300,23200,23200,1472,23437.5,23441.666666666668,,38.06579555008513
860,20240221102530,23250,23350,23250,23300,1416,23447.5,23444.166666666668,,42.87053906497867
861,20240221102426,23300,23350,23200,23350,3876,23452.5,23445.0,,45.53928236465139
862,20240221102335,23300,23300,23250,23250,1419,23455.0,23445.0,,38.42006235106222
863,20240221102237,23250,23350,23250,23300,1616,23465.0,23446.666666666668,,40.90253578187943
864,20240221102130,23300,23350,23250,23250,4426,23475.0,23448.333333333332,,37.13044397912962
865,20240221102053,23350,23450,23300,23300,2114,23485.0,23447.5,,39.46978470457698
866,20240221101956,23550,23550,23350,23350,1983,23490.0,23447.5,,41.92237217403968
867,20240221101924,23450,23550,23350,23550,3761,23497.5,23444.166666666668,,54.50123567677412
868,20240221101839,23500,23550,23400,23450,5823,23487.5,23435.0,,47.136901424889636
869,20240221101731,23650,23650,23500,23500,1690,23482.5,23430.0,,50.96698407975316
870,20240221101613,23600,23650,23500,23600,3970,23475.0,23423.333333333332,,60.02479163477907
871,20240221101514,23550,23600,23500,23600,2819,23462.5,23416.666666666668,,60.02479163477907
872,20240221101442,23600,23650,23550,23550,3864,23450.0,23409.166666666668,,56.7077994099588
873,20240221101347,23550,23650,23550,23600,7121,23447.5,23402.5,,61.44185499677433
874,20240221101251,23500,23600,23500,23550,2890,23440.0,23395.0,,58.201710447436895
875,20240221101238,23550,23600,23550,23550,707,23430.0,23389.166666666668,,58.201710447436895
876,20240221101205,23450,23600,23450,23600,4404,23417.5,23383.333333333332,,62.74824470685268
877,20240221101042,23450,23550,23450,23450,5989,23407.5,23376.666666666668,,52.38715530475616
878,20240221100944,23400,23500,23400,23450,2120,23407.5,23370.833333333332,,52.387155304756156
879,20240221100934,23400,23450,23400,23400,307,23410.0,23365.833333333332,,48.25024239611561
880,20240221100839,23400,23500,23350,23400,2970,23417.5,23363.333333333332,,48.25024239611562
881,20240221100734,23450,23500,23400,23400,3578,23425.0,23362.5,,48.25024239611561
882,20240221100639,23500,23550,23450,23450,5525,23432.5,23361.666666666668,,51.85779118136311
883,20240221100605,23500,23550,23450,23500,1497,23437.5,23359.166666666668,,55.726727392824074
884,20240221100542,23450,23500,23450,23450,457,23440.0,,,52.431280377403354
885,20240221100507,23500,23550,23400,23400,6425,23447.5,,,48.89932977612185
886,20240221100413,23350,23500,23350,23500,5879,23452.5,,,56.72064170463733
887,20240221100339,23350,23450,23300,23350,3555,23452.5,,,44.314916721848334
888,20240221100249,23300,23350,23250,23350,9947,23462.5,,,44.314916721848334
889,20240221100136,23350,23450,23300,23350,4718,23467.5,,,44.314916721848334
890,20240221100020,23400,23450,23300,23350,2003,23472.5,,,44.314916721848334
891,20240221095941,23450,23500,23350,23350,1812,23480.0,,,44.314916721848334
892,20240221095839,23450,23500,23300,23500,3514,23482.5,,,55.24774341000363
893,20240221095810,23350,23450,23350,23450,1669,23480.0,,,51.547846049332556
894,20240221095742,23400,23400,23300,23350,887,23477.5,,,42.759109862861386
895,20240221095722,23400,23450,23300,23300,3353,23480.0,,,37.495152528406635
896,20240221095700,23450,23450,23400,23400,1297,23485.0,,,45.217682322319554
897,20240221095617,23550,23550,23450,23450,6225,23485.0,,,49.99879923148153
898,20240221095512,23450,23550,23450,23500,4565,23482.5,,,55.442290708515806
899,20240221095446,23550,23600,23450,23550,9337,23477.5,,,61.67764399947929
900,20240221095432,23550,23600,23550,23550,1250,23467.5,,,61.67764399947929
901,20240221095402,23550,23600,23500,23550,4172,23457.5,,,61.67764399947929
902,20240221095341,23550,23600,23550,23550,4373,23447.5,,,61.67764399947929
903,20240221095312,23550,23650,23500,23550,7385,23437.5,,,61.67764399947929
904,20240221095241,23550,23600,23500,23600,3200,23430.0,,,66.86952488697862
905,20240221095209,23500,23600,23500,23500,3825,23410.0,,,60.730529583411034
906,20240221095144,23500,23550,23450,23500,3407,23400.0,,,60.730529583411034
907,20240221095124,23450,23550,23400,23550,8951,23382.5,,,66.0032612391179
908,20240221095057,23450,23500,23400,23450,6803,23355.0,,,59.46783862560887
909,20240221095043,23500,23500,23400,23450,1448,23340.0,,,59.46783862560887
910,20240221095038,23400,23500,23350,23500,2894,23322.5,,,64.8417673187959
911,20240221095036,23450,23500,23400,23400,3189,23307.5,,,57.75142657902898
912,20240221095031,23400,23450,23350,23450,3961,23295.0,,,63.71743218129212
913,20240221095031,23400,23400,23400,23400,3467,23280.0,,,59.867702065255756
914,20240221095031,23400,23400,23400,23400,2432,23267.5,,,59.867702065255756
915,20240221095031,23400,23400,23400,23400,415,23257.5,,,59.867702065255756
916,20240221095031,23400,23400,23400,23400,3381,23247.5,,,59.867702065255756
917,20240221095024,23400,23400,23350,23400,5082,23237.5,,,59.867702065255756
918,20240221094946,23350,23400,23300,23400,4191,23222.5,,,59.86770206525575
919,20240221094909,23350,23400,23250,23350,4685,23210.0,,,56.93876058691928
920,20240221094833,23350,23400,23300,23350,4467,23205.0,,,56.93876058691928
921,20240221094756,23350,23400,23350,23350,3023,23205.0,,,56.93876058691928
922,20240221094705,23300,23400,23200,23350,4869,23205.0,,,56.93876058691928
923,20240221094608,23200,23400,23150,23400,12754,23202.5,,,60.205496885174
924,20240221094504,23300,23300,23100,23200,2801,,,,49.42883253832279
925,20240221094456,23150,23350,23150,23300,3704,,,,56.53740625888465
926,20240221094409,23050,23200,23000,23150,6585,,,,45.65050739777915
927,20240221094348,23100,23150,23000,23000,2709,,,,29.177390063363788
928,20240221094300,23100,23150,23100,23150,2276,,,,40.6057222007662
929,20240221094217,23200,23250,23100,23100,3564,,,,
930,20240221094124,23150,23200,23150,23200,2712,,,,
931,20240221094025,23150,23150,23050,23150,7330,,,,
932,20240221094004,23150,23200,23100,23150,1661,,,,
933,20240221093930,23250,23250,23150,23150,3976,,,,
934,20240221093903,23200,23250,23200,23200,2294,,,,
935,20240221093825,23200,23300,23150,23200,1459,,,,
936,20240221093747,23100,23300,23100,23200,3291,,,,
937,20240221093722,23150,23250,23050,23100,2051,,,,
938,20240221093710,23250,23400,23150,23150,5403,,,,
939,20240221093655,23350,23400,23250,23250,3819,,,,
940,20240221093620,23400,23400,23300,23350,4420,,,,
941,20240221093551,23300,23400,23300,23350,3626,,,,
942,20240221093543,23450,23450,23300,23300,7635,,,,
